<metadata xml:lang="en"><Esri><CreaDate>20140102</CreaDate><CreaTime>19185400</CreaTime><ArcGISFormat>1.0</ArcGISFormat><SyncOnce>FALSE</SyncOnce><DataProperties><lineage><Process ToolSource="E:\Program Files (x86)\ArcGIS\Desktop10.0\ArcToolbox\Toolboxes\Data Management Tools.tbx\CreateFeatureclass" Date="20140102" Time="191854">CreateFeatureclass E:\code\Spatial\Connections\OPS$GEODATA_D2CS01.sde GEO2013_TRACT_P2G3_A POLYGON G:\load\en\GEO\2013\spatial\geo_2013_g_01000_140_00_py_z6-20131230163449.shp SAME_AS_TEMPLATE SAME_AS_TEMPLATE "PROJCS['WGS_1984_Web_Mercator_Auxiliary_Sphere',GEOGCS['GCS_WGS_1984',DATUM['D_WGS_1984',SPHEROID['WGS_1984',6378137.0,298.257223563]],PRIMEM['Greenwich',0.0],UNIT['Degree',0.0174532925199433]],PROJECTION['Mercator_Auxiliary_Sphere'],PARAMETER['False_Easting',0.0],PARAMETER['False_Northing',0.0],PARAMETER['Central_Meridian',0.0],PARAMETER['Standard_Parallel_1',0.0],PARAMETER['Auxiliary_Sphere_Type',0.0],UNIT['Meter',1.0]];-20037700 -30241100 10000;-100000 10000;-100000 10000;0.001;0.001;0.001;IsHighPrecision" ST_GEOMETRY 0 0 0</Process><Process ToolSource="E:\Program Files (x86)\ArcGIS\Desktop10.0\ArcToolbox\Toolboxes\Data Management Tools.tbx\ChangePrivileges" Date="20140102" Time="191854">ChangePrivileges E:\code\Spatial\Connections\OPS$GEODATA_D2CS01.sde\GEO2013_TRACT_P2G3_A SPATIAL_META2010_RW GRANT AS_IS</Process><Process ToolSource="E:\Program Files (x86)\ArcGIS\Desktop10.0\ArcToolbox\Toolboxes\Data Management Tools.tbx\RemoveSpatialIndex" Date="20140102" Time="191855">RemoveSpatialIndex E:\code\Spatial\Connections\OPS$GEODATA_D2CS01.sde\GEO2013_TRACT_P2G3_A</Process><Process ToolSource="E:\Program Files (x86)\ArcGIS\Desktop10.0\ArcToolbox\Toolboxes\Data Management Tools.tbx\Append" Date="20140102" Time="191908">Append G:\load\en\GEO\2013\spatial\geo_2013_g_01000_140_00_py_z6-20131230163449.shp E:\code\Spatial\Connections\OPS$GEODATA_D2CS01.sde\GEO2013_TRACT_P2G3_A TEST # #</Process><Process ToolSource="E:\Program Files (x86)\ArcGIS\Desktop10.0\ArcToolbox\Toolboxes\Data Management Tools.tbx\Append" Date="20140102" Time="192605">Append G:\load\en\GEO\2013\spatial\geo_2013_g_05000_140_00_py_z6-20131230163449.shp E:\code\Spatial\Connections\OPS$GEODATA_D2CS01.sde\GEO2013_TRACT_P2G3_A TEST # #</Process><Process ToolSource="E:\Program Files (x86)\ArcGIS\Desktop10.0\ArcToolbox\Toolboxes\Data Management Tools.tbx\Append" Date="20140102" Time="193317">Append G:\load\en\GEO\2013\spatial\geo_2013_g_21000_140_00_py_z6-20131230163449.shp E:\code\Spatial\Connections\OPS$GEODATA_D2CS01.sde\GEO2013_TRACT_P2G3_A TEST # #</Process><Process ToolSource="E:\Program Files (x86)\ArcGIS\Desktop10.0\ArcToolbox\Toolboxes\Data Management Tools.tbx\Append" Date="20140102" Time="193558">Append G:\load\en\GEO\2013\spatial\geo_2013_g_22000_140_00_py_z6-20131230163449.shp E:\code\Spatial\Connections\OPS$GEODATA_D2CS01.sde\GEO2013_TRACT_P2G3_A TEST # #</Process><Process ToolSource="E:\Program Files (x86)\ArcGIS\Desktop10.0\ArcToolbox\Toolboxes\Data Management Tools.tbx\Append" Date="20140102" Time="194046">Append G:\load\en\GEO\2013\spatial\geo_2013_g_16000_140_00_py_z6-20131230163449.shp E:\code\Spatial\Connections\OPS$GEODATA_D2CS01.sde\GEO2013_TRACT_P2G3_A TEST # #</Process><Process ToolSource="E:\Program Files (x86)\ArcGIS\Desktop10.0\ArcToolbox\Toolboxes\Data Management Tools.tbx\Append" Date="20140102" Time="194803">Append G:\load\en\GEO\2013\spatial\geo_2013_g_18000_140_00_py_z6-20131230163449.shp E:\code\Spatial\Connections\OPS$GEODATA_D2CS01.sde\GEO2013_TRACT_P2G3_A TEST # #</Process><Process ToolSource="E:\Program Files (x86)\ArcGIS\Desktop10.0\ArcToolbox\Toolboxes\Data Management Tools.tbx\Append" Date="20140102" Time="200012">Append G:\load\en\GEO\2013\spatial\geo_2013_g_02000_140_00_py_z6-20131230163449.shp E:\code\Spatial\Connections\OPS$GEODATA_D2CS01.sde\GEO2013_TRACT_P2G3_A TEST # #</Process><Process ToolSource="E:\Program Files (x86)\ArcGIS\Desktop10.0\ArcToolbox\Toolboxes\Data Management Tools.tbx\Append" Date="20140102" Time="201440">Append G:\load\en\GEO\2013\spatial\geo_2013_g_19000_140_00_py_z6-20131230163449.shp E:\code\Spatial\Connections\OPS$GEODATA_D2CS01.sde\GEO2013_TRACT_P2G3_A TEST # #</Process><Process ToolSource="E:\Program Files (x86)\ArcGIS\Desktop10.0\ArcToolbox\Toolboxes\Data Management Tools.tbx\Append" Date="20140102" Time="201604">Append G:\load\en\GEO\2013\spatial\geo_2013_g_06000_140_00_py_z6-20131230163449.shp E:\code\Spatial\Connections\OPS$GEODATA_D2CS01.sde\GEO2013_TRACT_P2G3_A TEST # #</Process><Process ToolSource="E:\Program Files (x86)\ArcGIS\Desktop10.0\ArcToolbox\Toolboxes\Data Management Tools.tbx\Append" Date="20140102" Time="202614">Append G:\load\en\GEO\2013\spatial\geo_2013_g_12000_140_00_py_z6-20131230163449.shp E:\code\Spatial\Connections\OPS$GEODATA_D2CS01.sde\GEO2013_TRACT_P2G3_A TEST # #</Process><Process ToolSource="E:\Program Files (x86)\ArcGIS\Desktop10.0\ArcToolbox\Toolboxes\Data Management Tools.tbx\Append" Date="20140102" Time="203250">Append G:\load\en\GEO\2013\spatial\geo_2013_g_15000_140_00_py_z6-20131230163449.shp E:\code\Spatial\Connections\OPS$GEODATA_D2CS01.sde\GEO2013_TRACT_P2G3_A TEST # #</Process><Process ToolSource="E:\Program Files (x86)\ArcGIS\Desktop10.0\ArcToolbox\Toolboxes\Data Management Tools.tbx\Append" Date="20140102" Time="203528">Append G:\load\en\GEO\2013\spatial\geo_2013_g_10000_140_00_py_z6-20131230163449.shp E:\code\Spatial\Connections\OPS$GEODATA_D2CS01.sde\GEO2013_TRACT_P2G3_A TEST # #</Process><Process ToolSource="E:\Program Files (x86)\ArcGIS\Desktop10.0\ArcToolbox\Toolboxes\Data Management Tools.tbx\Append" Date="20140102" Time="203953">Append G:\load\en\GEO\2013\spatial\geo_2013_g_30000_140_00_py_z6-20131230163449.shp E:\code\Spatial\Connections\OPS$GEODATA_D2CS01.sde\GEO2013_TRACT_P2G3_A TEST # #</Process><Process ToolSource="E:\Program Files (x86)\ArcGIS\Desktop10.0\ArcToolbox\Toolboxes\Data Management Tools.tbx\Append" Date="20140102" Time="204420">Append G:\load\en\GEO\2013\spatial\geo_2013_g_38000_140_00_py_z6-20131230163449.shp E:\code\Spatial\Connections\OPS$GEODATA_D2CS01.sde\GEO2013_TRACT_P2G3_A TEST # #</Process><Process ToolSource="E:\Program Files (x86)\ArcGIS\Desktop10.0\ArcToolbox\Toolboxes\Data Management Tools.tbx\Append" Date="20140102" Time="204721">Append G:\load\en\GEO\2013\spatial\geo_2013_g_69000_140_00_py_z6-20131230163449.shp E:\code\Spatial\Connections\OPS$GEODATA_D2CS01.sde\GEO2013_TRACT_P2G3_A TEST # #</Process><Process ToolSource="E:\Program Files (x86)\ArcGIS\Desktop10.0\ArcToolbox\Toolboxes\Data Management Tools.tbx\Append" Date="20140102" Time="204820">Append G:\load\en\GEO\2013\spatial\geo_2013_g_60000_140_00_py_z6-20131230163449.shp E:\code\Spatial\Connections\OPS$GEODATA_D2CS01.sde\GEO2013_TRACT_P2G3_A TEST # #</Process><Process ToolSource="E:\Program Files (x86)\ArcGIS\Desktop10.0\ArcToolbox\Toolboxes\Data Management Tools.tbx\Append" Date="20140102" Time="205146">Append G:\load\en\GEO\2013\spatial\geo_2013_g_78000_140_00_py_z6-20131230163449.shp E:\code\Spatial\Connections\OPS$GEODATA_D2CS01.sde\GEO2013_TRACT_P2G3_A TEST # #</Process><Process ToolSource="E:\Program Files (x86)\ArcGIS\Desktop10.0\ArcToolbox\Toolboxes\Data Management Tools.tbx\Append" Date="20140102" Time="212235">Append G:\load\en\GEO\2013\spatial\geo_2013_g_48000_140_00_py_z6-20131230163449.shp E:\code\Spatial\Connections\OPS$GEODATA_D2CS01.sde\GEO2013_TRACT_P2G3_A TEST # #</Process><Process ToolSource="E:\Program Files (x86)\ArcGIS\Desktop10.0\ArcToolbox\Toolboxes\Data Management Tools.tbx\Append" Date="20140102" Time="212644">Append G:\load\en\GEO\2013\spatial\geo_2013_g_32000_140_00_py_z6-20131230163449.shp E:\code\Spatial\Connections\OPS$GEODATA_D2CS01.sde\GEO2013_TRACT_P2G3_A TEST # #</Process><Process ToolSource="E:\Program Files (x86)\ArcGIS\Desktop10.0\ArcToolbox\Toolboxes\Data Management Tools.tbx\Append" Date="20140102" Time="212905">Append G:\load\en\GEO\2013\spatial\geo_2013_g_44000_140_00_py_z6-20131230163449.shp E:\code\Spatial\Connections\OPS$GEODATA_D2CS01.sde\GEO2013_TRACT_P2G3_A TEST # #</Process><Process ToolSource="E:\Program Files (x86)\ArcGIS\Desktop10.0\ArcToolbox\Toolboxes\Data Management Tools.tbx\Append" Date="20140102" Time="214227">Append G:\load\en\GEO\2013\spatial\geo_2013_g_51000_140_00_py_z6-20131230163449.shp E:\code\Spatial\Connections\OPS$GEODATA_D2CS01.sde\GEO2013_TRACT_P2G3_A TEST # #</Process><Process ToolSource="E:\Program Files (x86)\ArcGIS\Desktop10.0\ArcToolbox\Toolboxes\Data Management Tools.tbx\Append" Date="20140102" Time="215220">Append G:\load\en\GEO\2013\spatial\geo_2013_g_54000_140_00_py_z6-20131230163449.shp E:\code\Spatial\Connections\OPS$GEODATA_D2CS01.sde\GEO2013_TRACT_P2G3_A TEST # #</Process><Process ToolSource="E:\Program Files (x86)\ArcGIS\Desktop10.0\ArcToolbox\Toolboxes\Data Management Tools.tbx\Append" Date="20140102" Time="215410">Append G:\load\en\GEO\2013\spatial\geo_2013_g_49000_140_00_py_z6-20131230163449.shp E:\code\Spatial\Connections\OPS$GEODATA_D2CS01.sde\GEO2013_TRACT_P2G3_A TEST # #</Process><Process ToolSource="E:\Program Files (x86)\ArcGIS\Desktop10.0\ArcToolbox\Toolboxes\Data Management Tools.tbx\Append" Date="20140102" Time="215850">Append G:\load\en\GEO\2013\spatial\geo_2013_g_17000_140_00_py_z6-20131230163449.shp E:\code\Spatial\Connections\OPS$GEODATA_D2CS01.sde\GEO2013_TRACT_P2G3_A TEST # #</Process><Process ToolSource="E:\Program Files (x86)\ArcGIS\Desktop10.0\ArcToolbox\Toolboxes\Data Management Tools.tbx\Append" Date="20140102" Time="221256">Append G:\load\en\GEO\2013\spatial\geo_2013_g_20000_140_00_py_z6-20131230163449.shp E:\code\Spatial\Connections\OPS$GEODATA_D2CS01.sde\GEO2013_TRACT_P2G3_A TEST # #</Process><Process ToolSource="E:\Program Files (x86)\ArcGIS\Desktop10.0\ArcToolbox\Toolboxes\Data Management Tools.tbx\Append" Date="20140102" Time="222937">Append G:\load\en\GEO\2013\spatial\geo_2013_g_13000_140_00_py_z6-20131230163449.shp E:\code\Spatial\Connections\OPS$GEODATA_D2CS01.sde\GEO2013_TRACT_P2G3_A TEST # #</Process><Process ToolSource="E:\Program Files (x86)\ArcGIS\Desktop10.0\ArcToolbox\Toolboxes\Data Management Tools.tbx\Append" Date="20140102" Time="223053">Append G:\load\en\GEO\2013\spatial\geo_2013_g_39000_140_00_py_z6-20131230163449.shp E:\code\Spatial\Connections\OPS$GEODATA_D2CS01.sde\GEO2013_TRACT_P2G3_A TEST # #</Process><Process ToolSource="E:\Program Files (x86)\ArcGIS\Desktop10.0\ArcToolbox\Toolboxes\Data Management Tools.tbx\Append" Date="20140102" Time="223341">Append G:\load\en\GEO\2013\spatial\geo_2013_g_23000_140_00_py_z6-20131230163449.shp E:\code\Spatial\Connections\OPS$GEODATA_D2CS01.sde\GEO2013_TRACT_P2G3_A TEST # #</Process><Process ToolSource="E:\Program Files (x86)\ArcGIS\Desktop10.0\ArcToolbox\Toolboxes\Data Management Tools.tbx\Append" Date="20140102" Time="223954">Append G:\load\en\GEO\2013\spatial\geo_2013_g_40000_140_00_py_z6-20131230163449.shp E:\code\Spatial\Connections\OPS$GEODATA_D2CS01.sde\GEO2013_TRACT_P2G3_A TEST # #</Process><Process ToolSource="E:\Program Files (x86)\ArcGIS\Desktop10.0\ArcToolbox\Toolboxes\Data Management Tools.tbx\Append" Date="20140102" Time="224218">Append G:\load\en\GEO\2013\spatial\geo_2013_g_11000_140_00_py_z6-20131230163449.shp E:\code\Spatial\Connections\OPS$GEODATA_D2CS01.sde\GEO2013_TRACT_P2G3_A TEST # #</Process><Process ToolSource="E:\Program Files (x86)\ArcGIS\Desktop10.0\ArcToolbox\Toolboxes\Data Management Tools.tbx\Append" Date="20140102" Time="224353">Append G:\load\en\GEO\2013\spatial\geo_2013_g_04000_140_00_py_z6-20131230163449.shp E:\code\Spatial\Connections\OPS$GEODATA_D2CS01.sde\GEO2013_TRACT_P2G3_A TEST # #</Process><Process ToolSource="E:\Program Files (x86)\ArcGIS\Desktop10.0\ArcToolbox\Toolboxes\Data Management Tools.tbx\Append" Date="20140102" Time="225151">Append G:\load\en\GEO\2013\spatial\geo_2013_g_37000_140_00_py_z6-20131230163449.shp E:\code\Spatial\Connections\OPS$GEODATA_D2CS01.sde\GEO2013_TRACT_P2G3_A TEST # #</Process><Process ToolSource="E:\Program Files (x86)\ArcGIS\Desktop10.0\ArcToolbox\Toolboxes\Data Management Tools.tbx\Append" Date="20140102" Time="225406">Append G:\load\en\GEO\2013\spatial\geo_2013_g_27000_140_00_py_z6-20131230163449.shp E:\code\Spatial\Connections\OPS$GEODATA_D2CS01.sde\GEO2013_TRACT_P2G3_A TEST # #</Process><Process ToolSource="E:\Program Files (x86)\ArcGIS\Desktop10.0\ArcToolbox\Toolboxes\Data Management Tools.tbx\Append" Date="20140102" Time="230435">Append G:\load\en\GEO\2013\spatial\geo_2013_g_72000_140_00_py_z6-20131230163449.shp E:\code\Spatial\Connections\OPS$GEODATA_D2CS01.sde\GEO2013_TRACT_P2G3_A TEST # #</Process><Process ToolSource="E:\Program Files (x86)\ArcGIS\Desktop10.0\ArcToolbox\Toolboxes\Data Management Tools.tbx\Append" Date="20140102" Time="231203">Append G:\load\en\GEO\2013\spatial\geo_2013_g_28000_140_00_py_z6-20131230163449.shp E:\code\Spatial\Connections\OPS$GEODATA_D2CS01.sde\GEO2013_TRACT_P2G3_A TEST # #</Process><Process ToolSource="E:\Program Files (x86)\ArcGIS\Desktop10.0\ArcToolbox\Toolboxes\Data Management Tools.tbx\Append" Date="20140102" Time="232257">Append G:\load\en\GEO\2013\spatial\geo_2013_g_56000_140_00_py_z6-20131230163449.shp E:\code\Spatial\Connections\OPS$GEODATA_D2CS01.sde\GEO2013_TRACT_P2G3_A TEST # #</Process><Process ToolSource="E:\Program Files (x86)\ArcGIS\Desktop10.0\ArcToolbox\Toolboxes\Data Management Tools.tbx\Append" Date="20140102" Time="232719">Append G:\load\en\GEO\2013\spatial\geo_2013_g_09000_140_00_py_z6-20131230163449.shp E:\code\Spatial\Connections\OPS$GEODATA_D2CS01.sde\GEO2013_TRACT_P2G3_A TEST # #</Process><Process ToolSource="E:\Program Files (x86)\ArcGIS\Desktop10.0\ArcToolbox\Toolboxes\Data Management Tools.tbx\Append" Date="20140102" Time="235502">Append G:\load\en\GEO\2013\spatial\geo_2013_g_46000_140_00_py_z6-20131230163449.shp E:\code\Spatial\Connections\OPS$GEODATA_D2CS01.sde\GEO2013_TRACT_P2G3_A TEST # #</Process><Process ToolSource="E:\Program Files (x86)\ArcGIS\Desktop10.0\ArcToolbox\Toolboxes\Data Management Tools.tbx\Append" Date="20140103" Time="000725">Append G:\load\en\GEO\2013\spatial\geo_2013_g_66000_140_00_py_z6-20131230163449.shp E:\code\Spatial\Connections\OPS$GEODATA_D2CS01.sde\GEO2013_TRACT_P2G3_A TEST # #</Process><Process ToolSource="E:\Program Files (x86)\ArcGIS\Desktop10.0\ArcToolbox\Toolboxes\Data Management Tools.tbx\Append" Date="20140103" Time="001150">Append G:\load\en\GEO\2013\spatial\geo_2013_g_55000_140_00_py_z6-20131230163449.shp E:\code\Spatial\Connections\OPS$GEODATA_D2CS01.sde\GEO2013_TRACT_P2G3_A TEST # #</Process><Process ToolSource="E:\Program Files (x86)\ArcGIS\Desktop10.0\ArcToolbox\Toolboxes\Data Management Tools.tbx\Append" Date="20140103" Time="002950">Append G:\load\en\GEO\2013\spatial\geo_2013_g_25000_140_00_py_z6-20131230163449.shp E:\code\Spatial\Connections\OPS$GEODATA_D2CS01.sde\GEO2013_TRACT_P2G3_A TEST # #</Process><Process ToolSource="E:\Program Files (x86)\ArcGIS\Desktop10.0\ArcToolbox\Toolboxes\Data Management Tools.tbx\Append" Date="20140103" Time="003201">Append G:\load\en\GEO\2013\spatial\geo_2013_g_47000_140_00_py_z6-20131230163449.shp E:\code\Spatial\Connections\OPS$GEODATA_D2CS01.sde\GEO2013_TRACT_P2G3_A TEST # #</Process><Process ToolSource="E:\Program Files (x86)\ArcGIS\Desktop10.0\ArcToolbox\Toolboxes\Data Management Tools.tbx\Append" Date="20140103" Time="003911">Append G:\load\en\GEO\2013\spatial\geo_2013_g_34000_140_00_py_z6-20131230163449.shp E:\code\Spatial\Connections\OPS$GEODATA_D2CS01.sde\GEO2013_TRACT_P2G3_A TEST # #</Process><Process ToolSource="E:\Program Files (x86)\ArcGIS\Desktop10.0\ArcToolbox\Toolboxes\Data Management Tools.tbx\Append" Date="20140103" Time="004739">Append G:\load\en\GEO\2013\spatial\geo_2013_g_24000_140_00_py_z6-20131230163449.shp E:\code\Spatial\Connections\OPS$GEODATA_D2CS01.sde\GEO2013_TRACT_P2G3_A TEST # #</Process><Process ToolSource="E:\Program Files (x86)\ArcGIS\Desktop10.0\ArcToolbox\Toolboxes\Data Management Tools.tbx\Append" Date="20140103" Time="010115">Append G:\load\en\GEO\2013\spatial\geo_2013_g_50000_140_00_py_z6-20131230163449.shp E:\code\Spatial\Connections\OPS$GEODATA_D2CS01.sde\GEO2013_TRACT_P2G3_A TEST # #</Process><Process ToolSource="E:\Program Files (x86)\ArcGIS\Desktop10.0\ArcToolbox\Toolboxes\Data Management Tools.tbx\Append" Date="20140103" Time="010627">Append G:\load\en\GEO\2013\spatial\geo_2013_g_35000_140_00_py_z6-20131230163449.shp E:\code\Spatial\Connections\OPS$GEODATA_D2CS01.sde\GEO2013_TRACT_P2G3_A TEST # #</Process><Process ToolSource="E:\Program Files (x86)\ArcGIS\Desktop10.0\ArcToolbox\Toolboxes\Data Management Tools.tbx\Append" Date="20140103" Time="011353">Append G:\load\en\GEO\2013\spatial\geo_2013_g_31000_140_00_py_z6-20131230163449.shp E:\code\Spatial\Connections\OPS$GEODATA_D2CS01.sde\GEO2013_TRACT_P2G3_A TEST # #</Process><Process ToolSource="E:\Program Files (x86)\ArcGIS\Desktop10.0\ArcToolbox\Toolboxes\Data Management Tools.tbx\Append" Date="20140103" Time="013807">Append G:\load\en\GEO\2013\spatial\geo_2013_g_53000_140_00_py_z6-20131230163449.shp E:\code\Spatial\Connections\OPS$GEODATA_D2CS01.sde\GEO2013_TRACT_P2G3_A TEST # #</Process><Process ToolSource="E:\Program Files (x86)\ArcGIS\Desktop10.0\ArcToolbox\Toolboxes\Data Management Tools.tbx\Append" Date="20140103" Time="015645">Append G:\load\en\GEO\2013\spatial\geo_2013_g_45000_140_00_py_z6-20131230163449.shp E:\code\Spatial\Connections\OPS$GEODATA_D2CS01.sde\GEO2013_TRACT_P2G3_A TEST # #</Process><Process ToolSource="E:\Program Files (x86)\ArcGIS\Desktop10.0\ArcToolbox\Toolboxes\Data Management Tools.tbx\Append" Date="20140103" Time="015722">Append G:\load\en\GEO\2013\spatial\geo_2013_g_26000_140_00_py_z6-20131230163449.shp E:\code\Spatial\Connections\OPS$GEODATA_D2CS01.sde\GEO2013_TRACT_P2G3_A TEST # #</Process><Process ToolSource="E:\Program Files (x86)\ArcGIS\Desktop10.0\ArcToolbox\Toolboxes\Data Management Tools.tbx\Append" Date="20140103" Time="015954">Append G:\load\en\GEO\2013\spatial\geo_2013_g_08000_140_00_py_z6-20131230163449.shp E:\code\Spatial\Connections\OPS$GEODATA_D2CS01.sde\GEO2013_TRACT_P2G3_A TEST # #</Process><Process ToolSource="E:\Program Files (x86)\ArcGIS\Desktop10.0\ArcToolbox\Toolboxes\Data Management Tools.tbx\Append" Date="20140103" Time="020025">Append G:\load\en\GEO\2013\spatial\geo_2013_g_33000_140_00_py_z6-20131230163449.shp E:\code\Spatial\Connections\OPS$GEODATA_D2CS01.sde\GEO2013_TRACT_P2G3_A TEST # #</Process><Process ToolSource="E:\Program Files (x86)\ArcGIS\Desktop10.0\ArcToolbox\Toolboxes\Data Management Tools.tbx\Append" Date="20140103" Time="020701">Append G:\load\en\GEO\2013\spatial\geo_2013_g_36000_140_00_py_z6-20131230163449.shp E:\code\Spatial\Connections\OPS$GEODATA_D2CS01.sde\GEO2013_TRACT_P2G3_A TEST # #</Process><Process ToolSource="E:\Program Files (x86)\ArcGIS\Desktop10.0\ArcToolbox\Toolboxes\Data Management Tools.tbx\Append" Date="20140103" Time="023332">Append G:\load\en\GEO\2013\spatial\geo_2013_g_29000_140_00_py_z6-20131230163449.shp E:\code\Spatial\Connections\OPS$GEODATA_D2CS01.sde\GEO2013_TRACT_P2G3_A TEST # #</Process><Process ToolSource="E:\Program Files (x86)\ArcGIS\Desktop10.0\ArcToolbox\Toolboxes\Data Management Tools.tbx\Append" Date="20140103" Time="025038">Append G:\load\en\GEO\2013\spatial\geo_2013_g_41000_140_00_py_z6-20131230163449.shp E:\code\Spatial\Connections\OPS$GEODATA_D2CS01.sde\GEO2013_TRACT_P2G3_A TEST # #</Process><Process ToolSource="E:\Program Files (x86)\ArcGIS\Desktop10.0\ArcToolbox\Toolboxes\Data Management Tools.tbx\Append" Date="20140103" Time="025201">Append G:\load\en\GEO\2013\spatial\geo_2013_g_42000_140_00_py_z6-20131230163449.shp E:\code\Spatial\Connections\OPS$GEODATA_D2CS01.sde\GEO2013_TRACT_P2G3_A TEST # #</Process><Process ToolSource="E:\Program Files (x86)\ArcGIS\Server10.0\ArcToolbox\Toolboxes\Analysis Tools.tbx\Select" Date="20140628" Time="232039">Select E:\ags_connections\ops$geodata@d2es_rac_taf.sde\GEO2013_TRACT_P2G3_A E:\arcgisserver\arcgisjobs\download_shape_gpserver\j764aaf65e8fa463aa55791c3e514fe75\scratch\EUS0.shp "GEO_ID IN ('1400000US36085004700','1400000US36081074500','1400000US36047002000','1400000US36081054900','1400000US36005020100','1400000US36047054900','1400000US36061019100','1400000US36061009300','1400000US36081037100','1400000US36081027300','1400000US36081007700','1400000US36061023600','1400000US36047037100','1400000US36081061200','1400000US36061013800','1400000US36047027300','1400000US36047112000','1400000US36047102200','1400000US36081099801','1400000US36047017500','1400000US36047007700','1400000US36081099802','1400000US36005035600','1400000US36047061200','1400000US36047099800','1400000US36047051400','1400000US36047041600','1400000US36081147100','1400000US36081014000','1400000US36081004200','1400000US36061010300','1400000US36061020101','1400000US36047014000','1400000US36061020102','1400000US36061000500','1400000US36081086500','1400000US36081066900','1400000US36005022300','1400000US36005012500','1400000US36005002701','1400000US36005002702','1400000US36081029500','1400000US36081009900','1400000US36085013201','1400000US36047049100','1400000US36085013203','1400000US36047039300','1400000US36047029500','1400000US36085013204','1400000US36047114201','1400000US36081053601','1400000US36047019700','1400000US36047114202','1400000US36047083000','1400000US36005037800','1400000US36047073200','1400000US36047043800','1400000US36061008000','1400000US36081026000','1400000US36081119900','1400000US36047026000','1400000US36061012500','1400000US36061022301','1400000US36047016200','1400000US36061022302','1400000US36081040300','1400000US36061002700','1400000US36085018901','1400000US36085018902','1400000US36047006400','1400000US36005034300','1400000US36047050100','1400000US36005024501','1400000US36005024502','1400000US36005014701','1400000US36047040300','1400000US36047030500','1400000US36005014702','1400000US36047020700','1400000US36085015400','1400000US36081065600','1400000US36047116400','1400000US36081055800','1400000US36005021001','1400000US36047095000','1400000US36005021002','1400000US36047085200','1400000US36047075400','1400000US36047065600','1400000US36047055800','1400000US36081028200','1400000US36081008600','1400000US36081018401','1400000US36081018402','1400000US36085002100','1400000US36081062100','1400000US36061024500','1400000US36061014700','1400000US36047028200','1400000US36047018400','1400000US36061004900','1400000US36081032700','1400000US36047008600','1400000US36081022900','1400000US36005036501','1400000US36005026701','1400000US36047052300','1400000US36005036502','1400000US36005016900','1400000US36047042500','1400000US36005026702','1400000US36047032700','1400000US36047022900','1400000US36081005100','1400000US36061021000','1400000US36085017600','1400000US36061011201','1400000US36061001401','1400000US36081097202','1400000US36047005100','1400000US36061011202','1400000US36061001402','1400000US36061011203','1400000US36081097203','1400000US36081097204','1400000US36047118600','1400000US36005033000','1400000US36005023200','1400000US36085031901','1400000US36047087401','1400000US36047077600','1400000US36047067800','1400000US36081091900','1400000US36085031902','1400000US36081115100','1400000US36085014100','1400000US36081074100','1400000US36061026700','1400000US36081054500','1400000US36061016900','1400000US36005000100','1400000US36005038700','1400000US36005028900','1400000US36047054500','1400000US36047044700','1400000US36047034900','1400000US36081017100','1400000US36081007300','1400000US36061023200','1400000US36081051000','1400000US36061013400','1400000US36085019800','1400000US36047017100','1400000US36061003601','1400000US36061003602','1400000US36081021600','1400000US36081011800','1400000US36005025400','1400000US36047099400','1400000US36047089600','1400000US36047041200','1400000US36047051001','1400000US36047051002','1400000US36047031400','1400000US36047079801','1400000US36047021600','1400000US36047011800','1400000US36047079802','1400000US36061000100','1400000US36081086100','1400000US36081066501','1400000US36081056700','1400000US36081046900','1400000US36005012101','1400000US36005002300','1400000US36005012102','1400000US36085020801','1400000US36085020803','1400000US36085020804','1400000US36047090600','1400000US36047080800','1400000US36081029100','1400000US36081009500','1400000US36081063000','1400000US36047029100','1400000US36081053200','1400000US36047019300','1400000US36081043400','1400000US36061015601','1400000US36061005800','1400000US36061015602','1400000US36081023800','1400000US36005037400','1400000US36005027600','1400000US36047053200','1400000US36047043400','1400000US36047033600','1400000US36047023800','1400000US36005041900','1400000US36081119500','1400000US36081109700','1400000US36081098100','1400000US36061012100','1400000US36047006000','1400000US36081068700','1400000US36081058900','1400000US36081010500','1400000US36081000700','1400000US36005024100','1400000US36005014300','1400000US36047030100','1400000US36081092800','1400000US36047020300','1400000US36047058900','1400000US36047000700','1400000US36047092800','1400000US36081055400','1400000US36061017800','1400000US36047116000','1400000US36081045600','1400000US36081120500','1400000US36081035800','1400000US36005039600','1400000US36047075000','1400000US36047065200','1400000US36047055400','1400000US36047045600','1400000US36081018000','1400000US36061024100','1400000US36061014300','1400000US36061004500','1400000US36047018000','1400000US36047008200','1400000US36005036100','1400000US36005026300','1400000US36005016500','1400000US36047042100','1400000US36005006700','1400000US36047032300','1400000US36047012700','1400000US36047002901','1400000US36005050400','1400000US36005040600','1400000US36085007400','1400000US36061001001','1400000US36061001002','1400000US36081047800','1400000US36047118201','1400000US36047118202','1400000US36081112900','1400000US36081122701','1400000US36081122702','1400000US36005013000','1400000US36047087000','1400000US36047077200','1400000US36047067400','1400000US36047057600','1400000US36047047800','1400000US36081071900','1400000US36061026300','1400000US36061016500','1400000US36061006700','1400000US36081044301','1400000US36081044302','1400000US36081024700','1400000US36081014900','1400000US36005028500','1400000US36005038301','1400000US36005038302','1400000US36047044300','1400000US36005008900','1400000US36047034500','1400000US36047024700','1400000US36047014900','1400000US36005042800','1400000US36061013000','1400000US36081089200','1400000US36061003200','1400000US36085009601','1400000US36085009602','1400000US36081021200','1400000US36081011400','1400000US36081059800','1400000US36081001600','1400000US36081134700','1400000US36005025000','1400000US36047099000','1400000US36005015200','1400000US36005005400','1400000US36047089200','1400000US36085023900','1400000US36047079400','1400000US36047021200','1400000US36047069601','1400000US36047011400','1400000US36047059800','1400000US36047069602','1400000US36061028500','1400000US36081066100','1400000US36061018700','1400000US36061008900','1400000US36081046500','1400000US36081036700','1400000US36081026901','1400000US36081026902','1400000US36047056300','1400000US36085000800','1400000US36047121400','1400000US36081060800','1400000US36047036700','1400000US36047111600','1400000US36047026900','1400000US36047101800','1400000US36047090200','1400000US36047080400','1400000US36047070600','1400000US36047060800','1400000US36081009100','1400000US36061015200','1400000US36061005400','1400000US36081146700','1400000US36081013600','1400000US36081003800','1400000US36005037000','1400000US36047043000','1400000US36005007600','1400000US36047023400','1400000US36047013600','1400000US36047003800','1400000US36005041500','1400000US36005021900','1400000US36081119100','1400000US36081109300','1400000US36085018100','1400000US36081068300','1400000US36081010100','1400000US36081058500','1400000US36005004100','1400000US36085022600','1400000US36047010100','1400000US36047000301','1400000US36047038900','1400000US36085012804','1400000US36085012805','1400000US36085012806','1400000US36047092400','1400000US36047082600','1400000US36047072800','1400000US36081045200','1400000US36061017401','1400000US36061007600','1400000US36081120100','1400000US36061017402','1400000US36081015801','1400000US36081015802','1400000US36005039200','1400000US36047055000','1400000US36047045200','1400000US36005009800','1400000US36047035400','1400000US36061021900','1400000US36047025600','1400000US36061031703','1400000US36061031704','1400000US36061004100','1400000US36081002500','1400000US36081012301','1400000US36005016100','1400000US36005006300','1400000US36085024800','1400000US36047022100','1400000US36005020601','1400000US36047094600','1400000US36047084800','1400000US36085007000','1400000US36061019600','1400000US36061009800','1400000US36081037600','1400000US36081122300','1400000US36081027800','1400000US36085021300','1400000US36047067000','1400000US36047057200','1400000US36085001700','1400000US36047047400','1400000US36047027800','1400000US36047051900','1400000US36061016100','1400000US36061006300','1400000US36081024300','1400000US36081014500','1400000US36081004700','1400000US36005028100','1400000US36005018301','1400000US36005008500','1400000US36061020600','1400000US36047034100','1400000US36005018302','1400000US36061010800','1400000US36047024300','1400000US36047014500','1400000US36047004700','1400000US36005042400','1400000US36005032600','1400000US36005022800','1400000US36047096800','1400000US36081079000','1400000US36081059400','1400000US36081011000','1400000US36081144100','1400000US36081049600','1400000US36081001200','1400000US36081039800','1400000US36081114700','1400000US36047079000','1400000US36005005001','1400000US36047069200','1400000US36005005002','1400000US36047011000','1400000US36085003900','1400000US36047049600','1400000US36081073700','1400000US36047059401','1400000US36081063900','1400000US36047059402','1400000US36047039800','1400000US36061028100','1400000US36061018300','1400000US36081046100','1400000US36081036300','1400000US36081026500','1400000US36081006900','1400000US36047036300','1400000US36061022800','1400000US36047121000','1400000US36081050600','1400000US36047026500','1400000US36047016700','1400000US36047101400','1400000US36047006900','1400000US36047080000','1400000US36005034800','1400000US36047070201','1400000US36047050600','1400000US36047070202','1400000US36047040800','1400000US36047070203','1400000US36061005000','1400000US36081023000','1400000US36081146300','1400000US36081013200','1400000US36081003400','1400000US36081126700','1400000US36005007200','1400000US36047023000','1400000US36081085700','1400000US36047013200','1400000US36047003400','1400000US36005041100','1400000US36005011700','1400000US36005021501','1400000US36005001900','1400000US36005021502','1400000US36081058100','1400000US36081048300','1400000US36081028700','1400000US36081018900','1400000US36047038500','1400000US36081062600','1400000US36047113400','1400000US36047028700','1400000US36081052800','1400000US36047092000','1400000US36047082200','1400000US36047072400','1400000US36047062600','1400000US36047052800','1400000US36061017000','1400000US36061007200','1400000US36081015400','1400000US36085027900','1400000US36061021500','1400000US36047035000','1400000US36061011700','1400000US36047025200','1400000US36047015400','1400000US36047005601','1400000US36047005602','1400000US36005033500','1400000US36005023702','1400000US36005023703','1400000US36005023704','1400000US36085024401','1400000US36081094201','1400000US36085024402','1400000US36081094202','1400000US36047002100','1400000US36081094203','1400000US36085014604','1400000US36047115600') OR GEO_ID IN ('1400000US36085014605','1400000US36085014606','1400000US36047105801','1400000US36085014607','1400000US36085014608','1400000US36005030000','1400000US36047105804','1400000US36005020200','1400000US36047074600','1400000US36047064800','1400000US36061019200','1400000US36061009400','1400000US36081047000','1400000US36081027400','1400000US36081017600','1400000US36081071100','1400000US36047047000','1400000US36061023700','1400000US36081051500','1400000US36081099900','1400000US36047027400','1400000US36061013900','1400000US36081061301','1400000US36081061302','1400000US36047017600','1400000US36047007800','1400000US36047051500','1400000US36047041700','1400000US36047031900','1400000US36081014100','1400000US36081004300','1400000US36061010400','1400000US36081096400','1400000US36047014100','1400000US36061000600','1400000US36047004300','1400000US36047117800','1400000US36005042000','1400000US36047096400','1400000US36005022401','1400000US36047086600','1400000US36005002800','1400000US36047076800','1400000US36005022403','1400000US36005022404','1400000US36081059000','1400000US36081049200','1400000US36081124100','1400000US36081039400','1400000US36081019800','1400000US36085023100','1400000US36047059000','1400000US36085013301','1400000US36085013302','1400000US36047049200','1400000US36061025900','1400000US36081063500','1400000US36047039400','1400000US36047029600','1400000US36081043900','1400000US36047019800','1400000US36005037900','1400000US36047053700','1400000US36047043900','1400000US36061008100','1400000US36081026100','1400000US36081016300','1400000US36081101001','1400000US36081006501','1400000US36081101002','1400000US36081006502','1400000US36081060000','1400000US36061022400','1400000US36061012600','1400000US36047026100','1400000US36047016300','1400000US36081040400','1400000US36081050201','1400000US36047101000','1400000US36061002800','1400000US36081050202','1400000US36047006500','1400000US36081030600','1400000US36081020800','1400000US36005044200','1400000US36005034400','1400000US36005024600','1400000US36047060000','1400000US36047098600','1400000US36047088800','1400000US36047040400','1400000US36047050202','1400000US36047030600','1400000US36047020800','1400000US36081003000','1400000US36081085300','1400000US36047003000','1400000US36081055900','1400000US36081065702','1400000US36081065703','1400000US36005021100','1400000US36081038100','1400000US36081028300','1400000US36081008700','1400000US36081103201','1400000US36081018501','1400000US36081018502','1400000US36081103202','1400000US36081062200','1400000US36047038100','1400000US36047113000','1400000US36047028300','1400000US36081052400','1400000US36061014801','1400000US36081042600','1400000US36047018501','1400000US36081032800','1400000US36061014802','1400000US36047072000','1400000US36047062200','1400000US36047042600','1400000US36047032800','1400000US36081015000','1400000US36081005200','1400000US36081118700','1400000US36005009000','1400000US36061021100','1400000US36085017700','1400000US36061011300','1400000US36081097300','1400000US36047015000','1400000US36061001501','1400000US36061001502','1400000US36081067900','1400000US36047005201','1400000US36047005202','1400000US36005013500','1400000US36005023301','1400000US36005023302','1400000US36005003700','1400000US36081084000','1400000US36047115200','1400000US36081044800','1400000US36047084000','1400000US36005000200','1400000US36047074200','1400000US36005038800','1400000US36047064400','1400000US36047054600','1400000US36047044800','1400000US36061009000','1400000US36081027000','1400000US36081017200','1400000US36061023300','1400000US36081051100','1400000US36047027000','1400000US36061013500','1400000US36081041300','1400000US36047017200','1400000US36061003700','1400000US36081079900','1400000US36047007400','1400000US36081011900','1400000US36005045101','1400000US36005045102','1400000US36005025500','1400000US36005015700','1400000US36047051100','1400000US36047041300','1400000US36047031500','1400000US36047021700','1400000US36005005902','1400000US36047011900','1400000US36061010000','1400000US36061000201','1400000US36061000202','1400000US36047117400','1400000US36081056800','1400000US36005022000','1400000US36047096000','1400000US36047086200','1400000US36005002400','1400000US36047076400','1400000US36081090700','1400000US36047066600','1400000US36047056800','1400000US36081080900','1400000US36081019400','1400000US36081009600','1400000US36047039000','1400000US36061025500','1400000US36061015700','1400000US36047029200','1400000US36061005900','1400000US36047019400','1400000US36081033700','1400000US36047009600','1400000US36005027700','1400000US36047053300','1400000US36047043500','1400000US36005017901','1400000US36005017902','1400000US36005037504','1400000US36047033700','1400000US36081006100','1400000US36061022000','1400000US36061012200','1400000US36061002400','1400000US36081040000','1400000US36081088400','1400000US36081020400','1400000US36047119600','1400000US36081010600','1400000US36081133900','1400000US36081000800','1400000US36047109800','1400000US36005034000','1400000US36005014400','1400000US36047098200','1400000US36047040000','1400000US36047088400','1400000US36005004600','1400000US36047030200','1400000US36047078600','1400000US36047020400','1400000US36047068800','1400000US36081092900','1400000US36047010600','1400000US36081116100','1400000US36085015100','1400000US36061027700','1400000US36081055500','1400000US36061017900','1400000US36081045700','1400000US36005039700','1400000US36047055500','1400000US36047035900','1400000US36081018101','1400000US36081008300','1400000US36081018102','1400000US36061024200','1400000US36081052000','1400000US36061014401','1400000US36047018100','1400000US36061014402','1400000US36081145900','1400000US36081012800','1400000US36005046000','1400000US36005026400','1400000US36005016600','1400000US36047052000','1400000US36047042200','1400000US36005006800','1400000US36047022600','1400000US36047012801','1400000US36005030900','1400000US36005040701','1400000US36005040702','1400000US36081108500','1400000US36085017300','1400000US36085007500','1400000US36081087100','1400000US36081077300','1400000US36061029900','1400000US36081057700','1400000US36081047900','1400000US36005013100','1400000US36005003300','1400000US36047152200','1400000US36081091601','1400000US36081081800','1400000US36081091602','1400000US36047091600','1400000US36047081800','1400000US36085004000','1400000US36061016600','1400000US36081054200','1400000US36061006800','1400000US36081044400','1400000US36081157901','1400000US36081157902','1400000US36081157903','1400000US36047064000','1400000US36005028600','1400000US36047054200','1400000US36047044400','1400000US36061030900','1400000US36047024800','1400000US36005042901','1400000US36005042902','1400000US36061013100','1400000US36081099100','1400000US36085009700','1400000US36061003300','1400000US36047007000','1400000US36081059900','1400000US36081011500','1400000US36081069701','1400000US36081069702','1400000US36005025100','1400000US36005015300','1400000US36047031100','1400000US36047021300','1400000US36081093800','1400000US36047093800','1400000US36081107201','1400000US36081107202','1400000US36081056400','1400000US36047117000','1400000US36061018800','1400000US36081046600','1400000US36081121500','1400000US36081036800','1400000US36005002000','1400000US36085030301','1400000US36047076000','1400000US36047066200','1400000US36085030302','1400000US36047056400','1400000US36085000900','1400000US36081070700','1400000US36081019000','1400000US36061025100','1400000US36061015300','1400000US36047019000','1400000US36061005501','1400000US36047009200','1400000US36061005502','1400000US36081023500','1400000US36081013700','1400000US36081003900','1400000US36005037100','1400000US36005027300','1400000US36005017500','1400000US36005007700','1400000US36047043100','1400000US36047033300','1400000US36047023500','1400000US36047013700','1400000US36047003900','1400000US36005031800','1400000US36061002000','1400000US36047119200','1400000US36081010200','1400000US36081000400','1400000US36081113900','1400000US36047088000','1400000US36005004200','1400000US36047078200','1400000US36047020000','1400000US36081092500','1400000US36047058600','1400000US36047010200','1400000US36047048800','1400000US36081072900','1400000US36047123700','1400000US36061027300','1400000US36061017500','1400000US36081055100','1400000US36061007700','1400000US36081025700','1400000US36081015900','1400000US36005039300','1400000US36005029500','1400000US36047055100','1400000US36005019700','1400000US36047045300','1400000US36047035500','1400000US36047120200','1400000US36047025700','1400000US36047110400','1400000US36047100600','1400000US36047015900','1400000US36061014000','1400000US36061004200','1400000US36081032000','1400000US36081012400','1400000US36081002600','1400000US36005016200','1400000US36005006400','1400000US36081094700','1400000US36047022200','1400000US36081084900','1400000US36005040302','1400000US36005040303','1400000US36005040304','1400000US36081067100','1400000US36061029500','1400000US36061009900','1400000US36081047500','1400000US36061019701','1400000US36061019702','1400000US36081037700','1400000US36081027900','1400000US36081081400','1400000US36085001800','1400000US36047057300','1400000US36081071600','1400000US36081061800','1400000US36047037700','1400000US36047027900','1400000US36047112600','1400000US36047102800','1400000US36047091200','1400000US36047081400','1400000US36061016200','1400000US36061006400','1400000US36081044000','1400000US36005038000','1400000US36005018400','1400000US36005008600','1400000US36047044000','1400000US36047034200','1400000US36047024400','1400000US36061020701','1400000US36061010900','1400000US36005042500','1400000US36005022901','1400000US36005022902','1400000US36081069300','1400000US36081011100','1400000US36081059500','1400000US36081049700','1400000US36081039900','1400000US36005005100','1400000US36085013800','1400000US36081093401','1400000US36047049700','1400000US36081093402','1400000US36047001300','1400000US36047039900','1400000US36047093400','1400000US36047083600','1400000US36047073800','1400000US36081056000','1400000US36061018400','1400000US36081046200','1400000US36061008601','1400000US36081121100','1400000US36081026600','1400000US36061008602','1400000US36081111300','1400000US36081016800','1400000US36061008603','1400000US36085020100','1400000US36047056000','1400000US36081070300','1400000US36061022900','1400000US36047046201','1400000US36047036400','1400000US36047046202','1400000US36047026600','1400000US36081050700','1400000US36047016800','1400000US36081040900','1400000US36047050700','1400000US36047040900','1400000US36005017100','1400000US36005007300','1400000US36047023100','1400000US36047013300','1400000US36047003500','1400000US36005031400','1400000US36005011800','1400000US36047095600','1400000US36005021601','1400000US36047085800','1400000US36005021602','1400000US36081068000','1400000US36081058200','1400000US36081048400','1400000US36081028800','1400000US36085022300','1400000US36047068000','1400000US36085012500','1400000US36085002700','1400000US36047058200','1400000US36047048400','1400000US36047038600','1400000US36081062700','1400000US36047028800','1400000US36047052900','1400000US36061017100','1400000US36061007300','1400000US36081035100','1400000US36081015500','1400000US36081025301','1400000US36081005700','1400000US36081025302','1400000US36005019300','1400000US36061021600','1400000US36047035100','1400000US36061011800','1400000US36047025300','1400000US36047015500','1400000US36005043400','1400000US36005033600','1400000US36005023800','1400000US36081012000','1400000US36081145101') OR GEO_ID IN ('1400000US36081002200','1400000US36081145102','1400000US36081115700','1400000US36081105900','1400000US36005006000','1400000US36085014700','1400000US36081084500','1400000US36047012000','1400000US36047002200','1400000US36081074700','1400000US36005030100','1400000US36061029100','1400000US36061019300','1400000US36081047100','1400000US36061009500','1400000US36081037300','1400000US36081027500','1400000US36081007900','1400000US36085011201','1400000US36085011202','1400000US36047122000','1400000US36081061400','1400000US36047037300','1400000US36061023801','1400000US36081051600','1400000US36047112200','1400000US36047027500','1400000US36047102400','1400000US36047017700','1400000US36061023802','1400000US36005045600','1400000US36047081000','1400000US36005035800','1400000US36047041800','1400000US36047051601','1400000US36047051602','1400000US36061006000','1400000US36081024000','1400000US36081157101','1400000US36081014201','1400000US36081157102','1400000US36081004401','1400000US36081127700','1400000US36081014202','1400000US36061020300','1400000US36047024000','1400000US36061000700','1400000US36085016901','1400000US36047014200','1400000US36047004400','1400000US36081076901','1400000US36081076902','1400000US36005042100','1400000US36005032300','1400000US36005022500','1400000US36005012701','1400000US36081059100','1400000US36081049301','1400000US36081029700','1400000US36081049302','1400000US36081019900','1400000US36085013400','1400000US36047059100','1400000US36085003600','1400000US36047049300','1400000US36047039500','1400000US36047114400','1400000US36081053800','1400000US36047029700','1400000US36047019900','1400000US36047093000','1400000US36047083200','1400000US36047073400','1400000US36047063600','1400000US36047053800','1400000US36061018000','1400000US36061008200','1400000US36081026200','1400000US36081016400','1400000US36061022500','1400000US36081060100','1400000US36047026200','1400000US36081098700','1400000US36061012700','1400000US36047036001','1400000US36081040500','1400000US36047036002','1400000US36061002900','1400000US36047016400','1400000US36047006600','1400000US36081088901','1400000US36005034500','1400000US36005024700','1400000US36047050300','1400000US36005014900','1400000US36047040500','1400000US36047030700','1400000US36081003100','1400000US36085015601','1400000US36047003100','1400000US36085015602','1400000US36085015603','1400000US36047116600','1400000US36005031000','1400000US36005021200','1400000US36005001600','1400000US36047085400','1400000US36047075600','1400000US36047065800','1400000US36081048000','1400000US36081028400','1400000US36081103300','1400000US36081018600','1400000US36081008800','1400000US36085012100','1400000US36081072100','1400000US36047048000','1400000US36081062300','1400000US36047038200','1400000US36061024700','1400000US36047028400','1400000US36081052500','1400000US36061014900','1400000US36081042700','1400000US36047018600','1400000US36047008800','1400000US36081032900','1400000US36005036700','1400000US36005026900','1400000US36047052500','1400000US36047042700','1400000US36047032900','1400000US36081015100','1400000US36081005300','1400000US36061021200','1400000US36047015100','1400000US36061011401','1400000US36061001600','1400000US36047005300','1400000US36061011402','1400000US36081142900','1400000US36047118800','1400000US36005043000','1400000US36005033201','1400000US36005033202','1400000US36047097400','1400000US36005003800','1400000US36047087600','1400000US36081074300','1400000US36061026900','1400000US36081064500','1400000US36081054700','1400000US36005038900','1400000US36047054700','1400000US36047044900','1400000US36061009100','1400000US36081027100','1400000US36081007500','1400000US36061023400','1400000US36081061000','1400000US36047027100','1400000US36081051200','1400000US36061013600','1400000US36061003800','1400000US36081041400','1400000US36047102000','1400000US36047007500','1400000US36005025600','1400000US36047051200','1400000US36047099600','1400000US36005015800','1400000US36047089800','1400000US36047061002','1400000US36047061003','1400000US36047041401','1400000US36047021800','1400000US36047041402','1400000US36047061004','1400000US36081004001','1400000US36081004002','1400000US36081117500','1400000US36061010100','1400000US36081086300','1400000US36085006700','1400000US36081066701','1400000US36005022101','1400000US36005012300','1400000US36005022102','1400000US36005002500','1400000US36047056900','1400000US36047090800','1400000US36081029300','1400000US36081009700','1400000US36047039100','1400000US36081063200','1400000US36047029300','1400000US36047019500','1400000US36081053401','1400000US36061015801','1400000US36061015802','1400000US36047073000','1400000US36005037600','1400000US36047063200','1400000US36047053400','1400000US36047043600','1400000US36081006201','1400000US36081006202','1400000US36081109900','1400000US36061022102','1400000US36047016000','1400000US36061002500','1400000US36085018701','1400000US36081040100','1400000US36085018702','1400000US36047006200','1400000US36081020500','1400000US36081010701','1400000US36005024300','1400000US36005014500','1400000US36047040100','1400000US36047030300','1400000US36047020500','1400000US36047000900','1400000US36085990100','1400000US36081065400','1400000US36081140300','1400000US36047116200','1400000US36081055600','1400000US36081045800','1400000US36081120700','1400000US36005011000','1400000US36047085000','1400000US36047075200','1400000US36005039800','1400000US36047065400','1400000US36047055600','1400000US36047045800','1400000US36081028000','1400000US36081018200','1400000US36061014500','1400000US36047028000','1400000US36081052100','1400000US36061024301','1400000US36061024302','1400000US36061004700','1400000US36047018200','1400000US36047008400','1400000US36005036300','1400000US36005026500','1400000US36005016700','1400000US36005006900','1400000US36047042300','1400000US36047032500','1400000US36047022700','1400000US36047012901','1400000US36047012902','1400000US36005040800','1400000US36061011000','1400000US36061001200','1400000US36081162100','1400000US36047118400','1400000US36005023000','1400000US36047097000','1400000US36005013200','1400000US36047087200','1400000US36047077400','1400000US36047067600','1400000US36047057800','1400000US36061026500','1400000US36061016700','1400000US36081064101','1400000US36061006900','1400000US36081064102','1400000US36081034700','1400000US36081024900','1400000US36005038500','1400000US36005028700','1400000US36005018900','1400000US36047054300','1400000US36047044500','1400000US36047034700','1400000US36047024900','1400000US36081007100','1400000US36061023000','1400000US36061013200','1400000US36081099200','1400000US36061003400','1400000US36047007100','1400000US36081021400','1400000US36081144700','1400000US36081011600','1400000US36081001800','1400000US36005035000','1400000US36005025200','1400000US36047099200','1400000US36047089400','1400000US36047041000','1400000US36005005600','1400000US36047079601','1400000US36081093900','1400000US36047021400','1400000US36047069800','1400000US36047079602','1400000US36047011600','1400000US36047001800','1400000US36081117100','1400000US36081066300','1400000US36061028700','1400000US36061018900','1400000US36081056500','1400000US36081046700','1400000US36047056500','1400000US36047036900','1400000US36047111800','1400000US36047080600','1400000US36081053000','1400000US36061015400','1400000US36081043200','1400000US36061005600','1400000US36047019100','1400000US36081033401','1400000US36081156700','1400000US36081023600','1400000US36081033402','1400000US36081013800','1400000US36005037200','1400000US36047053000','1400000US36005027401','1400000US36047043200','1400000US36005027402','1400000US36005007800','1400000US36047023600','1400000US36047013800','1400000US36005031900','1400000US36081119300','1400000US36081129102','1400000US36081129103','1400000US36081129104','1400000US36061002100','1400000US36081010300','1400000US36081058700','1400000US36081048900','1400000US36005014100','1400000US36005004300','1400000US36085022800','1400000US36047020100','1400000US36047048900','1400000US36047000501','1400000US36047000502','1400000US36047082800','1400000US36085005000','1400000US36081065000','1400000US36081055200','1400000US36081045400','1400000US36061007800','1400000US36081130100','1400000US36081120300','1400000US36081025800','1400000US36005039400','1400000US36005029600','1400000US36047065000','1400000US36047055200','1400000US36061031900','1400000US36047045400','1400000US36047035601','1400000US36047025800','1400000US36047035602','1400000US36061004300','1400000US36047008000','1400000US36081012500','1400000US36005026100','1400000US36005016300','1400000US36005006500','1400000US36047032100','1400000US36005040400','1400000US36047118000','1400000US36061019800','1400000US36081047600','1400000US36085017005','1400000US36085017007','1400000US36081102900','1400000US36085017008','1400000US36085017009','1400000US36047077000','1400000US36047067200','1400000US36047057400','1400000US36047047600','1400000US36081071701','1400000US36081061900','1400000US36081071702','1400000US36085017010','1400000US36085017011','1400000US36061026100','1400000US36085017012','1400000US36061016300','1400000US36061006500','1400000US36081024500','1400000US36081014700','1400000US36005038100','1400000US36005028300','1400000US36005018500','1400000US36047044100','1400000US36005008700','1400000US36061020800','1400000US36047034300','1400000US36047024500','1400000US36047014700','1400000US36047004900','1400000US36005042600','1400000US36005032800','1400000US36061003001','1400000US36081079200','1400000US36061003002','1400000US36081069400','1400000US36081011200','1400000US36081059600','1400000US36081001400','1400000US36081124700','1400000US36047089000','1400000US36005005200','1400000US36047079200','1400000US36047021000','1400000US36047059600','1400000US36047011200','1400000US36081083700','1400000US36047049800','1400000US36081073900','1400000US36061028300','1400000US36061018500','1400000US36081056100','1400000US36061008700','1400000US36081046300','1400000US36081036500','1400000US36081026700','1400000US36081016900','1400000US36047056100','1400000US36085000600','1400000US36081060600','1400000US36047036501','1400000US36081050800','1400000US36047026700','1400000US36047101600','1400000US36047036502','1400000US36047016900','1400000US36047090000','1400000US36047080200','1400000US36005044800','1400000US36047060600','1400000US36047050801','1400000US36047050803','1400000US36047050804','1400000US36061005200','1400000US36061015001','1400000US36081033000','1400000US36061015002','1400000US36081023200','1400000US36081013400','1400000US36081003600','1400000US36081136700','1400000US36005007400','1400000US36047033000','1400000US36047023200','1400000US36047013400','1400000US36081085900','1400000US36047003600','1400000US36005041300','1400000US36005021700','1400000US36005011900','1400000US36085008100','1400000US36081058300','1400000US36081000100','1400000US36081048500','1400000US36081028900','1400000US36081092200','1400000US36047048500','1400000US36047000100','1400000US36047038700','1400000US36047028900','1400000US36047092200','1400000US36047082400','1400000US36047072600','1400000US36047062800','1400000US36061017200','1400000US36061007400','1400000US36081045000','1400000US36081035200','1400000US36081025400','1400000US36081015600','1400000US36081005800','1400000US36005039000','1400000US36005019400','1400000US36047045000','1400000US36005009600','1400000US36047035200','1400000US36061011900','1400000US36047025400','1400000US36047005800','1400000US36061021703','1400000US36005043500','1400000US36005033700') OR GEO_ID IN ('1400000US36005023900','1400000US36081012100','1400000US36005006100','1400000US36047012100','1400000US36047002300','1400000US36081084601','1400000US36081084602','1400000US36047115800','1400000US36005030200','1400000US36005020400','1400000US36047094401','1400000US36047084600','1400000US36047094402','1400000US36047074800','1400000US36061019400','1400000US36061009600','1400000US36081047200','1400000US36081027600','1400000US36081112300','1400000US36081017800','1400000US36047057000','1400000US36047047200','1400000US36061023900','1400000US36081051700','1400000US36047027600','1400000US36047037401','1400000US36047017800','1400000US36047037402','1400000US36081071303','1400000US36081071304','1400000US36081071305','1400000US36081071306','1400000US36005035900','1400000US36047051700','1400000US36047041900','1400000US36061006100','1400000US36081014300','1400000US36081004500','1400000US36005018101','1400000US36005008300','1400000US36005018102','1400000US36047024100','1400000US36047014300','1400000US36061010601','1400000US36061000800','1400000US36061010602','1400000US36081161700','1400000US36047004500','1400000US36005042200','1400000US36005032400','1400000US36047096600','1400000US36047086800','1400000US36081069000','1400000US36081059200','1400000US36081001000','1400000US36081134100','1400000US36081104700','1400000US36047069000','1400000US36047059200','1400000US36047049400','1400000US36047039600','1400000US36081063700','1400000US36047029800','1400000US36081053900','1400000US36047053900','1400000US36061018100','1400000US36061008300','1400000US36081036100','1400000US36081026300','1400000US36047036100','1400000US36061022600','1400000US36047026300','1400000US36047111000','1400000US36081050400','1400000US36061012800','1400000US36047016500','1400000US36047101200','1400000US36047006700','1400000US36005044400','1400000US36047070000','1400000US36005024800','1400000US36047098800','1400000US36047050400','1400000US36047040600','1400000US36047030800','1400000US36081013000','1400000US36081003200','1400000US36081126500','1400000US36081116700','1400000US36005007000','1400000US36047013000','1400000US36081085500','1400000US36085005900','1400000US36081065900','1400000US36081075701','1400000US36081075702','1400000US36005021301','1400000US36005021302','1400000US36005011502','1400000US36081048100','1400000US36081028500','1400000US36081038301','1400000US36081038302','1400000US36081018700','1400000US36085012200','1400000US36047048100','1400000US36047038300','1400000US36081062400','1400000US36081052600','1400000US36047113200','1400000US36047103400','1400000US36047018700','1400000US36047028501','1400000US36047028502','1400000US36047082000','1400000US36005036800','1400000US36047072200','1400000US36047052600','1400000US36047042800','1400000US36061007000','1400000US36081148300','1400000US36081015200','1400000US36081005400','1400000US36081138501','1400000US36081138502','1400000US36081118900','1400000US36081990100','1400000US36005009200','1400000US36061031100','1400000US36061011500','1400000US36047025000','1400000US36047015200','1400000US36085027702','1400000US36061021303','1400000US36047005400','1400000US36085027704','1400000US36081077902','1400000US36047990100','1400000US36085027705','1400000US36085027706','1400000US36081077903','1400000US36081077904','1400000US36081077905','1400000US36005043100','1400000US36081077906','1400000US36081077907','1400000US36005023501','1400000US36081077908','1400000US36005023502','1400000US36005003900','1400000US36081064600','1400000US36081054800','1400000US36005020000','1400000US36005000400','1400000US36047074400','1400000US36047064600','1400000US36047054800','1400000US36061019000','1400000US36061009200','1400000US36081027200','1400000US36081017400','1400000US36085001100','1400000US36047037000','1400000US36047027200','1400000US36081051300','1400000US36061023501','1400000US36061013700','1400000US36061023502','1400000US36047017400','1400000US36081041500','1400000US36081099701','1400000US36061003900','1400000US36081031700','1400000US36047007600','1400000US36081021900','1400000US36081099703','1400000US36081099704','1400000US36081099705','1400000US36005025700','1400000US36047051300','1400000US36005015900','1400000US36047041500','1400000US36047031701','1400000US36047021900','1400000US36047031702','1400000US36061020000','1400000US36061010200','1400000US36081086400','1400000US36047004100','1400000US36081141700','1400000US36047117601','1400000US36047107800','1400000US36047117602','1400000US36005022200','1400000US36047096200','1400000US36047086400','1400000US36047076600','1400000US36081114100','1400000US36081029400','1400000US36081019600','1400000US36081009800','1400000US36085003300','1400000US36047049000','1400000US36081073100','1400000US36061025700','1400000US36047039200','1400000US36061015900','1400000US36081053500','1400000US36081063301','1400000US36047029400','1400000US36047019600','1400000US36081063302','1400000US36081033900','1400000US36047009800','1400000US36081043701','1400000US36081043702','1400000US36005027900','1400000US36047053500','1400000US36047043700','1400000US36047033900','1400000US36081016100','1400000US36081006300','1400000US36061022200','1400000US36061012400','1400000US36081050000','1400000US36047016100','1400000US36081040200','1400000US36061002601','1400000US36047006300','1400000US36081078800','1400000US36061002602','1400000US36081020600','1400000US36081010800','1400000US36047119800','1400000US36005034200','1400000US36005024400','1400000US36047098400','1400000US36047050000','1400000US36047088600','1400000US36047040200','1400000US36005004800','1400000US36047078800','1400000US36047030400','1400000US36047020600','1400000US36047010800','1400000US36081116300','1400000US36085025100','1400000US36061027900','1400000US36081065501','1400000US36081055700','1400000US36081045900','1400000US36047150200','1400000US36005039901','1400000US36047055700','1400000US36005039902','1400000US36047120800','1400000US36081028100','1400000US36081018300','1400000US36081008500','1400000US36085002001','1400000US36085002002','1400000US36081062000','1400000US36081052200','1400000US36047028100','1400000US36061004800','1400000US36061014601','1400000US36047018300','1400000US36081042400','1400000US36047008500','1400000US36061014602','1400000US36005046201','1400000US36005036400','1400000US36005046202','1400000US36047062000','1400000US36005026601','1400000US36047042400','1400000US36005026602','1400000US36047032600','1400000US36047022800','1400000US36005040900','1400000US36081005000','1400000US36081128300','1400000US36081118500','1400000US36061011100','1400000US36085027301','1400000US36085007700','1400000US36061001300','1400000US36085027302','1400000US36081077500','1400000US36047005000','1400000US36081067700','1400000US36081057900','1400000US36005023100','1400000US36005013300','1400000US36005003500','1400000US36081091800','1400000US36047057900','1400000US36047091800','1400000US36061016800','1400000US36047115000','1400000US36081044601','1400000US36081044602','1400000US36005048400','1400000US36047074000','1400000US36005038600','1400000US36047064200','1400000US36005028800','1400000US36047054400','1400000US36047044600','1400000US36047034800','1400000US36081017000','1400000US36061023100','1400000US36085019700','1400000US36061013300','1400000US36047017000','1400000US36081041100','1400000US36047007200','1400000US36081079701','1400000US36081011700','1400000US36081079702','1400000US36081001900','1400000US36005035100','1400000US36005025300','1400000US36005015500','1400000US36047041100','1400000US36047031300','1400000US36047021500','1400000US36047011700','1400000US36085006400','1400000US36081066400','1400000US36081056600','1400000US36047117201','1400000US36081046800','1400000US36047117202','1400000US36047086000','1400000US36047076200','1400000US36085020700','1400000US36047056600','1400000US36047046800','1400000US36081070900','1400000US36081019200','1400000US36081009400','1400000US36061025300','1400000US36047029000','1400000US36081053100','1400000US36061015500','1400000US36061005700','1400000US36047019200','1400000US36047009400','1400000US36005037300','1400000US36047053100','1400000US36047043300','1400000US36005017701','1400000US36005007900','1400000US36047033500','1400000US36005017702','1400000US36047013900','1400000US36005051600','1400000US36005041800','1400000US36061012000','1400000US36061002201','1400000US36081020200','1400000US36061002202','1400000US36047119400','1400000US36081143500','1400000US36081010400','1400000US36081000600','1400000US36005024000','1400000US36005004400','1400000US36047088200','1400000US36047030000','1400000US36047078400','1400000US36047068600','1400000US36047020200','1400000US36047010400','1400000US36047058800','1400000US36061027500','1400000US36081055300','1400000US36061017700','1400000US36081045500','1400000US36061007900','1400000US36081035700','1400000US36081025900','1400000US36081100801','1400000US36081100802','1400000US36005039500','1400000US36005029700','1400000US36047055300','1400000US36005019900','1400000US36047035700','1400000US36047110600','1400000US36047100800','1400000US36047025901','1400000US36047025902','1400000US36081008100','1400000US36061024000','1400000US36061014200','1400000US36061004400','1400000US36081002800','1400000US36081012601','1400000US36081012602','1400000US36005036000','1400000US36005016400','1400000US36047042000','1400000US36047022400','1400000US36047012600','1400000US36005040501','1400000US36005030701','1400000US36005020900','1400000US36005040502','1400000US36081118100','1400000US36061029700','1400000US36061019900','1400000US36081037900','1400000US36005003100','1400000US36047057500','1400000US36047047700','1400000US36047037900','1400000US36047112800','1400000US36047081600','1400000US36061016400','1400000US36081054000','1400000US36061006600','1400000US36081024600','1400000US36081147900','1400000US36081014800','1400000US36005038200','1400000US36005028400','1400000US36061030700','1400000US36047044200','1400000US36047024600','1400000US36061020901','1400000US36047014800','1400000US36061003100','1400000US36085029102','1400000US36085029103','1400000US36081079300','1400000US36085029104','1400000US36081069500','1400000US36081011300','1400000US36081049900','1400000US36005015100','1400000US36005005300','1400000US36047021100','1400000US36081083800','1400000US36047049900','1400000US36047001500','1400000US36047093600','1400000US36047083800','1400000US36081066000','1400000US36081056200','1400000US36061018600','1400000US36061008800','1400000US36081046400','1400000US36047107000','1400000US36081036600','1400000US36081101700','1400000US36085010500','1400000US36047066000','1400000US36047056200','1400000US36085000700','1400000US36081080301','1400000US36047046400','1400000US36047036600','1400000US36081080302','1400000US36047026800','1400000US36081060701','1400000US36005044901','1400000US36005044902','1400000US36047050900','1400000US36061015100','1400000US36081033100','1400000US36047009000','1400000US36081013500','1400000US36081003700','1400000US36005017300','1400000US36005007500','1400000US36047033100','1400000US36047023300','1400000US36047013500','1400000US36047003700','1400000US36005041400','1400000US36005031600','1400000US36005021800','1400000US36047095800','1400000US36081068200','1400000US36081010000','1400000US36047119000','1400000US36081000200','1400000US36081133300','1400000US36081103900','1400000US36085032300','1400000US36047078000','1400000US36005004001','1400000US36047068200','1400000US36085002900','1400000US36047010000','1400000US36047058400','1400000US36047000200','1400000US36047048600') OR GEO_ID IN ('1400000US36047038800','1400000US36081062900','1400000US36061027100','1400000US36061017300','1400000US36061007500','1400000US36081035300','1400000US36081025500','1400000US36081015700','1400000US36081005900','1400000US36005039100','1400000US36005029301','1400000US36005019500','1400000US36005029302','1400000US36061021800','1400000US36047120000','1400000US36047035300','1400000US36047025500','1400000US36047015700','1400000US36047100400','1400000US36047005900','1400000US36005043600','1400000US36005033800','1400000US36061004000','1400000US36081155101','1400000US36081012200','1400000US36081022001','1400000US36081155102','1400000US36081002400','1400000US36081022002','1400000US36081125700','1400000US36081115900','1400000US36005016000','1400000US36005006200','1400000US36085024700','1400000US36081094500','1400000US36047022000','1400000US36047012200','1400000US36081074900','1400000US36005040100','1400000US36005020501','1400000US36005020502','1400000US36061029300','1400000US36061019500','1400000US36081047300','1400000US36061009700','1400000US36081037500','1400000US36081027700','1400000US36081017900','1400000US36085011401','1400000US36047057100','1400000US36085011402','1400000US36047037500','1400000US36047112400','1400000US36047027700','1400000US36081051800','1400000US36081061601','1400000US36047017900','1400000US36047102600','1400000US36081061602','1400000US36047091000','1400000US36005045800','1400000US36047061600','1400000US36047051800','1400000US36061006200','1400000US36061016001','1400000US36061016002','1400000US36081014400','1400000US36081137700','1400000US36061030300','1400000US36005008400','1400000US36047034000','1400000US36061020500','1400000US36047024200','1400000US36061000900','1400000US36081086900','1400000US36047004600','1400000US36005042300','1400000US36005022701','1400000US36005012901','1400000US36005022702','1400000US36005022703','1400000US36081059300','1400000US36081049500','1400000US36081029900','1400000US36047059300','1400000US36047001100','1400000US36047049500','1400000US36081063800','1400000US36047039700','1400000US36047029900','1400000US36047114600','1400000US36047093200','1400000US36047083400','1400000US36047073600','1400000US36047063800','1400000US36061018200','1400000US36061008400','1400000US36081046000','1400000US36081026400','1400000US36081016600','1400000US36081139900','1400000US36085000300','1400000US36047046000','1400000US36061022700','1400000US36081060300','1400000US36047036200','1400000US36081050500','1400000US36061012900','1400000US36047026400','1400000US36047016600','1400000US36081040700','1400000US36047006800','1400000US36081030902','1400000US36081030903','1400000US36081030904','1400000US36005024900','1400000US36047050500','1400000US36047040700','1400000US36047030900','1400000US36081003300','1400000US36005007100','1400000US36081095400','1400000US36047013100','1400000US36047003300','1400000US36081150701','1400000US36047116800','1400000US36081140901','1400000US36081150702','1400000US36081140902','1400000US36005031200','1400000US36047095400','1400000US36047085600','1400000US36047075800','1400000US36081058000','1400000US36081048200','1400000US36081038400','1400000US36081113300','1400000US36081018800','1400000US36047058000','1400000US36081072300','1400000US36047048200','1400000US36081062500','1400000US36061024900','1400000US36047028600','1400000US36047018800','1400000US36005036901','1400000US36005036902','1400000US36047052700','1400000US36047042900','1400000US36061007100','1400000US36081025100','1400000US36081015300','1400000US36081005500','1400000US36005009300','1400000US36061021400','1400000US36047025100','1400000US36061011600','1400000US36061001800','1400000US36047015300','1400000US36081152901','1400000US36081152902','1400000US36005033400','1400000US36005023600','1400000US36005013800','1400000US36047087800','1400000US36081002000','1400000US36081115500')"</Process></lineage><itemProps><itemName Sync="TRUE">EUS0</itemName><imsContentType Sync="TRUE">002</imsContentType><itemSize Sync="TRUE">0.000</itemSize><itemLocation><linkage Sync="TRUE">file://\\DADSB216\E\arcgisserver\arcgisjobs\download_shape_gpserver\j764aaf65e8fa463aa55791c3e514fe75\scratch\EUS0.shp</linkage><protocol Sync="TRUE">Local Area Network</protocol></itemLocation></itemProps><coordRef><type Sync="TRUE">Projected</type><geogcsn Sync="TRUE">GCS_WGS_1984</geogcsn><projcsn Sync="TRUE">WGS_1984_Web_Mercator_Auxiliary_Sphere</projcsn><peXml Sync="TRUE">&lt;ProjectedCoordinateSystem xsi:type='typens:ProjectedCoordinateSystem' xmlns:xsi='http://www.w3.org/2001/XMLSchema-instance' xmlns:xs='http://www.w3.org/2001/XMLSchema' xmlns:typens='http://www.esri.com/schemas/ArcGIS/10.0'&gt;&lt;WKT&gt;PROJCS[&amp;quot;WGS_1984_Web_Mercator_Auxiliary_Sphere&amp;quot;,GEOGCS[&amp;quot;GCS_WGS_1984&amp;quot;,DATUM[&amp;quot;D_WGS_1984&amp;quot;,SPHEROID[&amp;quot;WGS_1984&amp;quot;,6378137.0,298.257223563]],PRIMEM[&amp;quot;Greenwich&amp;quot;,0.0],UNIT[&amp;quot;Degree&amp;quot;,0.0174532925199433]],PROJECTION[&amp;quot;Mercator_Auxiliary_Sphere&amp;quot;],PARAMETER[&amp;quot;False_Easting&amp;quot;,0.0],PARAMETER[&amp;quot;False_Northing&amp;quot;,0.0],PARAMETER[&amp;quot;Central_Meridian&amp;quot;,0.0],PARAMETER[&amp;quot;Standard_Parallel_1&amp;quot;,0.0],PARAMETER[&amp;quot;Auxiliary_Sphere_Type&amp;quot;,0.0],UNIT[&amp;quot;Meter&amp;quot;,1.0],AUTHORITY[&amp;quot;EPSG&amp;quot;,3857]]&lt;/WKT&gt;&lt;XOrigin&gt;-20037700&lt;/XOrigin&gt;&lt;YOrigin&gt;-30241100&lt;/YOrigin&gt;&lt;XYScale&gt;148923141.92838538&lt;/XYScale&gt;&lt;ZOrigin&gt;-100000&lt;/ZOrigin&gt;&lt;ZScale&gt;10000&lt;/ZScale&gt;&lt;MOrigin&gt;-100000&lt;/MOrigin&gt;&lt;MScale&gt;10000&lt;/MScale&gt;&lt;XYTolerance&gt;0.001&lt;/XYTolerance&gt;&lt;ZTolerance&gt;0.001&lt;/ZTolerance&gt;&lt;MTolerance&gt;0.001&lt;/MTolerance&gt;&lt;HighPrecision&gt;true&lt;/HighPrecision&gt;&lt;WKID&gt;3857&lt;/WKID&gt;&lt;/ProjectedCoordinateSystem&gt;</peXml></coordRef></DataProperties><SyncDate>20140628</SyncDate><SyncTime>23203800</SyncTime><ModDate>20140628</ModDate><ModTime>23203800</ModTime></Esri><dataIdInfo><envirDesc Sync="TRUE">Microsoft Windows Server 2003 R2 Version 5.2 (Build 3790) Service Pack 2; ESRI ArcGIS 10.0.0.2414</envirDesc><dataLang><languageCode value="en" country="US"></languageCode></dataLang><idCitation><resTitle Sync="TRUE">EUS0</resTitle><presForm><PresFormCd value="005"></PresFormCd></presForm></idCitation><descKeys><thesaName uuidref="723f6998-058e-11dc-8314-0800200c9a66"></thesaName><keyword Sync="TRUE">002</keyword></descKeys><spatRpType><SpatRepTypCd value="001"></SpatRepTypCd></spatRpType></dataIdInfo><mdLang><languageCode value="en"></languageCode></mdLang><distInfo><distFormat><formatName Sync="TRUE">Shapefile</formatName></distFormat><distTranOps><transSize Sync="TRUE">0.000</transSize></distTranOps></distInfo><mdHrLv><ScopeCd value="005"></ScopeCd></mdHrLv><mdHrLvName Sync="TRUE">dataset</mdHrLvName><refSysInfo><RefSystem><refSysID><identCode code="3857"></identCode><idCodeSpace Sync="TRUE">EPSG</idCodeSpace><idVersion Sync="TRUE">7.4.1</idVersion></refSysID></RefSystem></refSysInfo><spdoinfo><ptvctinf><esriterm Name="EUS0"><efeatyp Sync="TRUE">Simple</efeatyp><efeageom Sync="TRUE">4</efeageom><esritopo Sync="TRUE">FALSE</esritopo><efeacnt Sync="TRUE">0</efeacnt><spindex Sync="TRUE">FALSE</spindex><linrefer Sync="TRUE">FALSE</linrefer></esriterm></ptvctinf></spdoinfo><spatRepInfo><VectSpatRep><topLvl><TopoLevCd value="001"></TopoLevCd></topLvl><geometObjs><geoObjTyp><GeoObjTypCd value="002"></GeoObjTypCd><geoObjCnt Sync="TRUE">0</geoObjCnt></geoObjTyp></geometObjs></VectSpatRep></spatRepInfo><eainfo><detailed Name="EUS0"><enttyp><enttypl Sync="TRUE">EUS0</enttypl><enttypt Sync="TRUE">Feature Class</enttypt><enttypc Sync="TRUE">0</enttypc></enttyp><attr><attrlabl Sync="TRUE">FID</attrlabl><attalias Sync="TRUE">FID</attalias><attrtype Sync="TRUE">OID</attrtype><attwidth Sync="TRUE">4</attwidth><atprecis Sync="TRUE">0</atprecis><attscale Sync="TRUE">0</attscale><attrdef Sync="TRUE">Internal feature number.</attrdef><attrdefs Sync="TRUE">ESRI</attrdefs><attrdomv><udom Sync="TRUE">Sequential unique whole numbers that are automatically generated.</udom></attrdomv></attr><attr><attrlabl Sync="TRUE">Shape</attrlabl><attalias Sync="TRUE">Shape</attalias><attrtype Sync="TRUE">Geometry</attrtype><attwidth Sync="TRUE">0</attwidth><atprecis Sync="TRUE">0</atprecis><attscale Sync="TRUE">0</attscale><attrdef Sync="TRUE">Feature geometry.</attrdef><attrdefs Sync="TRUE">ESRI</attrdefs><attrdomv><udom Sync="TRUE">Coordinates defining the features.</udom></attrdomv></attr><attr><attrlabl Sync="TRUE">GEO_ID</attrlabl><attalias Sync="TRUE">GEO_ID</attalias><attrtype Sync="TRUE">String</attrtype><attwidth Sync="TRUE">60</attwidth><atprecis Sync="TRUE">0</atprecis><attscale Sync="TRUE">0</attscale></attr><attr><attrlabl Sync="TRUE">STATE</attrlabl><attalias Sync="TRUE">STATE</attalias><attrtype Sync="TRUE">String</attrtype><attwidth Sync="TRUE">2</attwidth><atprecis Sync="TRUE">0</atprecis><attscale Sync="TRUE">0</attscale></attr><attr><attrlabl Sync="TRUE">COUNTY</attrlabl><attalias Sync="TRUE">COUNTY</attalias><attrtype Sync="TRUE">String</attrtype><attwidth Sync="TRUE">3</attwidth><atprecis Sync="TRUE">0</atprecis><attscale Sync="TRUE">0</attscale></attr><attr><attrlabl Sync="TRUE">TRACT</attrlabl><attalias Sync="TRUE">TRACT</attalias><attrtype Sync="TRUE">String</attrtype><attwidth Sync="TRUE">6</attwidth><atprecis Sync="TRUE">0</atprecis><attscale Sync="TRUE">0</attscale></attr><attr><attrlabl Sync="TRUE">NAME</attrlabl><attalias Sync="TRUE">NAME</attalias><attrtype Sync="TRUE">String</attrtype><attwidth Sync="TRUE">90</attwidth><atprecis Sync="TRUE">0</atprecis><attscale Sync="TRUE">0</attscale></attr><attr><attrlabl Sync="TRUE">LSAD</attrlabl><attalias Sync="TRUE">LSAD</attalias><attrtype Sync="TRUE">String</attrtype><attwidth Sync="TRUE">7</attwidth><atprecis Sync="TRUE">0</atprecis><attscale Sync="TRUE">0</attscale></attr><attr><attrlabl Sync="TRUE">SHAPE_AREA</attrlabl><attalias Sync="TRUE">SHAPE_AREA</attalias><attrtype Sync="TRUE">Double</attrtype><attwidth Sync="TRUE">19</attwidth><atprecis Sync="TRUE">0</atprecis><attscale Sync="TRUE">0</attscale><attrdef Sync="TRUE">Area of feature in internal units squared.</attrdef><attrdefs Sync="TRUE">ESRI</attrdefs><attrdomv><udom Sync="TRUE">Positive real numbers that are automatically generated.</udom></attrdomv></attr><attr><attrlabl Sync="TRUE">SHAPE_LEN</attrlabl><attalias Sync="TRUE">SHAPE_LEN</attalias><attrtype Sync="TRUE">Double</attrtype><attwidth Sync="TRUE">19</attwidth><atprecis Sync="TRUE">0</atprecis><attscale Sync="TRUE">0</attscale></attr></detailed></eainfo><mdDateSt Sync="TRUE">20140628</mdDateSt></metadata>
