<metadata xml:lang="en"><Esri><CreaDate>20140102</CreaDate><CreaTime>19185400</CreaTime><ArcGISFormat>1.0</ArcGISFormat><SyncOnce>FALSE</SyncOnce><DataProperties><lineage><Process ToolSource="E:\Program Files (x86)\ArcGIS\Desktop10.0\ArcToolbox\Toolboxes\Data Management Tools.tbx\CreateFeatureclass" Date="20140102" Time="191854">CreateFeatureclass E:\code\Spatial\Connections\OPS$GEODATA_D2CS01.sde GEO2013_TRACT_P2G3_A POLYGON G:\load\en\GEO\2013\spatial\geo_2013_g_01000_140_00_py_z6-20131230163449.shp SAME_AS_TEMPLATE SAME_AS_TEMPLATE "PROJCS['WGS_1984_Web_Mercator_Auxiliary_Sphere',GEOGCS['GCS_WGS_1984',DATUM['D_WGS_1984',SPHEROID['WGS_1984',6378137.0,298.257223563]],PRIMEM['Greenwich',0.0],UNIT['Degree',0.0174532925199433]],PROJECTION['Mercator_Auxiliary_Sphere'],PARAMETER['False_Easting',0.0],PARAMETER['False_Northing',0.0],PARAMETER['Central_Meridian',0.0],PARAMETER['Standard_Parallel_1',0.0],PARAMETER['Auxiliary_Sphere_Type',0.0],UNIT['Meter',1.0]];-20037700 -30241100 10000;-100000 10000;-100000 10000;0.001;0.001;0.001;IsHighPrecision" ST_GEOMETRY 0 0 0</Process><Process ToolSource="E:\Program Files (x86)\ArcGIS\Desktop10.0\ArcToolbox\Toolboxes\Data Management Tools.tbx\ChangePrivileges" Date="20140102" Time="191854">ChangePrivileges E:\code\Spatial\Connections\OPS$GEODATA_D2CS01.sde\GEO2013_TRACT_P2G3_A SPATIAL_META2010_RW GRANT AS_IS</Process><Process ToolSource="E:\Program Files (x86)\ArcGIS\Desktop10.0\ArcToolbox\Toolboxes\Data Management Tools.tbx\RemoveSpatialIndex" Date="20140102" Time="191855">RemoveSpatialIndex E:\code\Spatial\Connections\OPS$GEODATA_D2CS01.sde\GEO2013_TRACT_P2G3_A</Process><Process ToolSource="E:\Program Files (x86)\ArcGIS\Desktop10.0\ArcToolbox\Toolboxes\Data Management Tools.tbx\Append" Date="20140102" Time="191908">Append G:\load\en\GEO\2013\spatial\geo_2013_g_01000_140_00_py_z6-20131230163449.shp E:\code\Spatial\Connections\OPS$GEODATA_D2CS01.sde\GEO2013_TRACT_P2G3_A TEST # #</Process><Process ToolSource="E:\Program Files (x86)\ArcGIS\Desktop10.0\ArcToolbox\Toolboxes\Data Management Tools.tbx\Append" Date="20140102" Time="192605">Append G:\load\en\GEO\2013\spatial\geo_2013_g_05000_140_00_py_z6-20131230163449.shp E:\code\Spatial\Connections\OPS$GEODATA_D2CS01.sde\GEO2013_TRACT_P2G3_A TEST # #</Process><Process ToolSource="E:\Program Files (x86)\ArcGIS\Desktop10.0\ArcToolbox\Toolboxes\Data Management Tools.tbx\Append" Date="20140102" Time="193317">Append G:\load\en\GEO\2013\spatial\geo_2013_g_21000_140_00_py_z6-20131230163449.shp E:\code\Spatial\Connections\OPS$GEODATA_D2CS01.sde\GEO2013_TRACT_P2G3_A TEST # #</Process><Process ToolSource="E:\Program Files (x86)\ArcGIS\Desktop10.0\ArcToolbox\Toolboxes\Data Management Tools.tbx\Append" Date="20140102" Time="193558">Append G:\load\en\GEO\2013\spatial\geo_2013_g_22000_140_00_py_z6-20131230163449.shp E:\code\Spatial\Connections\OPS$GEODATA_D2CS01.sde\GEO2013_TRACT_P2G3_A TEST # #</Process><Process ToolSource="E:\Program Files (x86)\ArcGIS\Desktop10.0\ArcToolbox\Toolboxes\Data Management Tools.tbx\Append" Date="20140102" Time="194046">Append G:\load\en\GEO\2013\spatial\geo_2013_g_16000_140_00_py_z6-20131230163449.shp E:\code\Spatial\Connections\OPS$GEODATA_D2CS01.sde\GEO2013_TRACT_P2G3_A TEST # #</Process><Process ToolSource="E:\Program Files (x86)\ArcGIS\Desktop10.0\ArcToolbox\Toolboxes\Data Management Tools.tbx\Append" Date="20140102" Time="194803">Append G:\load\en\GEO\2013\spatial\geo_2013_g_18000_140_00_py_z6-20131230163449.shp E:\code\Spatial\Connections\OPS$GEODATA_D2CS01.sde\GEO2013_TRACT_P2G3_A TEST # #</Process><Process ToolSource="E:\Program Files (x86)\ArcGIS\Desktop10.0\ArcToolbox\Toolboxes\Data Management Tools.tbx\Append" Date="20140102" Time="200012">Append G:\load\en\GEO\2013\spatial\geo_2013_g_02000_140_00_py_z6-20131230163449.shp E:\code\Spatial\Connections\OPS$GEODATA_D2CS01.sde\GEO2013_TRACT_P2G3_A TEST # #</Process><Process ToolSource="E:\Program Files (x86)\ArcGIS\Desktop10.0\ArcToolbox\Toolboxes\Data Management Tools.tbx\Append" Date="20140102" Time="201440">Append G:\load\en\GEO\2013\spatial\geo_2013_g_19000_140_00_py_z6-20131230163449.shp E:\code\Spatial\Connections\OPS$GEODATA_D2CS01.sde\GEO2013_TRACT_P2G3_A TEST # #</Process><Process ToolSource="E:\Program Files (x86)\ArcGIS\Desktop10.0\ArcToolbox\Toolboxes\Data Management Tools.tbx\Append" Date="20140102" Time="201604">Append G:\load\en\GEO\2013\spatial\geo_2013_g_06000_140_00_py_z6-20131230163449.shp E:\code\Spatial\Connections\OPS$GEODATA_D2CS01.sde\GEO2013_TRACT_P2G3_A TEST # #</Process><Process ToolSource="E:\Program Files (x86)\ArcGIS\Desktop10.0\ArcToolbox\Toolboxes\Data Management Tools.tbx\Append" Date="20140102" Time="202614">Append G:\load\en\GEO\2013\spatial\geo_2013_g_12000_140_00_py_z6-20131230163449.shp E:\code\Spatial\Connections\OPS$GEODATA_D2CS01.sde\GEO2013_TRACT_P2G3_A TEST # #</Process><Process ToolSource="E:\Program Files (x86)\ArcGIS\Desktop10.0\ArcToolbox\Toolboxes\Data Management Tools.tbx\Append" Date="20140102" Time="203250">Append G:\load\en\GEO\2013\spatial\geo_2013_g_15000_140_00_py_z6-20131230163449.shp E:\code\Spatial\Connections\OPS$GEODATA_D2CS01.sde\GEO2013_TRACT_P2G3_A TEST # #</Process><Process ToolSource="E:\Program Files (x86)\ArcGIS\Desktop10.0\ArcToolbox\Toolboxes\Data Management Tools.tbx\Append" Date="20140102" Time="203528">Append G:\load\en\GEO\2013\spatial\geo_2013_g_10000_140_00_py_z6-20131230163449.shp E:\code\Spatial\Connections\OPS$GEODATA_D2CS01.sde\GEO2013_TRACT_P2G3_A TEST # #</Process><Process ToolSource="E:\Program Files (x86)\ArcGIS\Desktop10.0\ArcToolbox\Toolboxes\Data Management Tools.tbx\Append" Date="20140102" Time="203953">Append G:\load\en\GEO\2013\spatial\geo_2013_g_30000_140_00_py_z6-20131230163449.shp E:\code\Spatial\Connections\OPS$GEODATA_D2CS01.sde\GEO2013_TRACT_P2G3_A TEST # #</Process><Process ToolSource="E:\Program Files (x86)\ArcGIS\Desktop10.0\ArcToolbox\Toolboxes\Data Management Tools.tbx\Append" Date="20140102" Time="204420">Append G:\load\en\GEO\2013\spatial\geo_2013_g_38000_140_00_py_z6-20131230163449.shp E:\code\Spatial\Connections\OPS$GEODATA_D2CS01.sde\GEO2013_TRACT_P2G3_A TEST # #</Process><Process ToolSource="E:\Program Files (x86)\ArcGIS\Desktop10.0\ArcToolbox\Toolboxes\Data Management Tools.tbx\Append" Date="20140102" Time="204721">Append G:\load\en\GEO\2013\spatial\geo_2013_g_69000_140_00_py_z6-20131230163449.shp E:\code\Spatial\Connections\OPS$GEODATA_D2CS01.sde\GEO2013_TRACT_P2G3_A TEST # #</Process><Process ToolSource="E:\Program Files (x86)\ArcGIS\Desktop10.0\ArcToolbox\Toolboxes\Data Management Tools.tbx\Append" Date="20140102" Time="204820">Append G:\load\en\GEO\2013\spatial\geo_2013_g_60000_140_00_py_z6-20131230163449.shp E:\code\Spatial\Connections\OPS$GEODATA_D2CS01.sde\GEO2013_TRACT_P2G3_A TEST # #</Process><Process ToolSource="E:\Program Files (x86)\ArcGIS\Desktop10.0\ArcToolbox\Toolboxes\Data Management Tools.tbx\Append" Date="20140102" Time="205146">Append G:\load\en\GEO\2013\spatial\geo_2013_g_78000_140_00_py_z6-20131230163449.shp E:\code\Spatial\Connections\OPS$GEODATA_D2CS01.sde\GEO2013_TRACT_P2G3_A TEST # #</Process><Process ToolSource="E:\Program Files (x86)\ArcGIS\Desktop10.0\ArcToolbox\Toolboxes\Data Management Tools.tbx\Append" Date="20140102" Time="212235">Append G:\load\en\GEO\2013\spatial\geo_2013_g_48000_140_00_py_z6-20131230163449.shp E:\code\Spatial\Connections\OPS$GEODATA_D2CS01.sde\GEO2013_TRACT_P2G3_A TEST # #</Process><Process ToolSource="E:\Program Files (x86)\ArcGIS\Desktop10.0\ArcToolbox\Toolboxes\Data Management Tools.tbx\Append" Date="20140102" Time="212644">Append G:\load\en\GEO\2013\spatial\geo_2013_g_32000_140_00_py_z6-20131230163449.shp E:\code\Spatial\Connections\OPS$GEODATA_D2CS01.sde\GEO2013_TRACT_P2G3_A TEST # #</Process><Process ToolSource="E:\Program Files (x86)\ArcGIS\Desktop10.0\ArcToolbox\Toolboxes\Data Management Tools.tbx\Append" Date="20140102" Time="212905">Append G:\load\en\GEO\2013\spatial\geo_2013_g_44000_140_00_py_z6-20131230163449.shp E:\code\Spatial\Connections\OPS$GEODATA_D2CS01.sde\GEO2013_TRACT_P2G3_A TEST # #</Process><Process ToolSource="E:\Program Files (x86)\ArcGIS\Desktop10.0\ArcToolbox\Toolboxes\Data Management Tools.tbx\Append" Date="20140102" Time="214227">Append G:\load\en\GEO\2013\spatial\geo_2013_g_51000_140_00_py_z6-20131230163449.shp E:\code\Spatial\Connections\OPS$GEODATA_D2CS01.sde\GEO2013_TRACT_P2G3_A TEST # #</Process><Process ToolSource="E:\Program Files (x86)\ArcGIS\Desktop10.0\ArcToolbox\Toolboxes\Data Management Tools.tbx\Append" Date="20140102" Time="215220">Append G:\load\en\GEO\2013\spatial\geo_2013_g_54000_140_00_py_z6-20131230163449.shp E:\code\Spatial\Connections\OPS$GEODATA_D2CS01.sde\GEO2013_TRACT_P2G3_A TEST # #</Process><Process ToolSource="E:\Program Files (x86)\ArcGIS\Desktop10.0\ArcToolbox\Toolboxes\Data Management Tools.tbx\Append" Date="20140102" Time="215410">Append G:\load\en\GEO\2013\spatial\geo_2013_g_49000_140_00_py_z6-20131230163449.shp E:\code\Spatial\Connections\OPS$GEODATA_D2CS01.sde\GEO2013_TRACT_P2G3_A TEST # #</Process><Process ToolSource="E:\Program Files (x86)\ArcGIS\Desktop10.0\ArcToolbox\Toolboxes\Data Management Tools.tbx\Append" Date="20140102" Time="215850">Append G:\load\en\GEO\2013\spatial\geo_2013_g_17000_140_00_py_z6-20131230163449.shp E:\code\Spatial\Connections\OPS$GEODATA_D2CS01.sde\GEO2013_TRACT_P2G3_A TEST # #</Process><Process ToolSource="E:\Program Files (x86)\ArcGIS\Desktop10.0\ArcToolbox\Toolboxes\Data Management Tools.tbx\Append" Date="20140102" Time="221256">Append G:\load\en\GEO\2013\spatial\geo_2013_g_20000_140_00_py_z6-20131230163449.shp E:\code\Spatial\Connections\OPS$GEODATA_D2CS01.sde\GEO2013_TRACT_P2G3_A TEST # #</Process><Process ToolSource="E:\Program Files (x86)\ArcGIS\Desktop10.0\ArcToolbox\Toolboxes\Data Management Tools.tbx\Append" Date="20140102" Time="222937">Append G:\load\en\GEO\2013\spatial\geo_2013_g_13000_140_00_py_z6-20131230163449.shp E:\code\Spatial\Connections\OPS$GEODATA_D2CS01.sde\GEO2013_TRACT_P2G3_A TEST # #</Process><Process ToolSource="E:\Program Files (x86)\ArcGIS\Desktop10.0\ArcToolbox\Toolboxes\Data Management Tools.tbx\Append" Date="20140102" Time="223053">Append G:\load\en\GEO\2013\spatial\geo_2013_g_39000_140_00_py_z6-20131230163449.shp E:\code\Spatial\Connections\OPS$GEODATA_D2CS01.sde\GEO2013_TRACT_P2G3_A TEST # #</Process><Process ToolSource="E:\Program Files (x86)\ArcGIS\Desktop10.0\ArcToolbox\Toolboxes\Data Management Tools.tbx\Append" Date="20140102" Time="223341">Append G:\load\en\GEO\2013\spatial\geo_2013_g_23000_140_00_py_z6-20131230163449.shp E:\code\Spatial\Connections\OPS$GEODATA_D2CS01.sde\GEO2013_TRACT_P2G3_A TEST # #</Process><Process ToolSource="E:\Program Files (x86)\ArcGIS\Desktop10.0\ArcToolbox\Toolboxes\Data Management Tools.tbx\Append" Date="20140102" Time="223954">Append G:\load\en\GEO\2013\spatial\geo_2013_g_40000_140_00_py_z6-20131230163449.shp E:\code\Spatial\Connections\OPS$GEODATA_D2CS01.sde\GEO2013_TRACT_P2G3_A TEST # #</Process><Process ToolSource="E:\Program Files (x86)\ArcGIS\Desktop10.0\ArcToolbox\Toolboxes\Data Management Tools.tbx\Append" Date="20140102" Time="224218">Append G:\load\en\GEO\2013\spatial\geo_2013_g_11000_140_00_py_z6-20131230163449.shp E:\code\Spatial\Connections\OPS$GEODATA_D2CS01.sde\GEO2013_TRACT_P2G3_A TEST # #</Process><Process ToolSource="E:\Program Files (x86)\ArcGIS\Desktop10.0\ArcToolbox\Toolboxes\Data Management Tools.tbx\Append" Date="20140102" Time="224353">Append G:\load\en\GEO\2013\spatial\geo_2013_g_04000_140_00_py_z6-20131230163449.shp E:\code\Spatial\Connections\OPS$GEODATA_D2CS01.sde\GEO2013_TRACT_P2G3_A TEST # #</Process><Process ToolSource="E:\Program Files (x86)\ArcGIS\Desktop10.0\ArcToolbox\Toolboxes\Data Management Tools.tbx\Append" Date="20140102" Time="225151">Append G:\load\en\GEO\2013\spatial\geo_2013_g_37000_140_00_py_z6-20131230163449.shp E:\code\Spatial\Connections\OPS$GEODATA_D2CS01.sde\GEO2013_TRACT_P2G3_A TEST # #</Process><Process ToolSource="E:\Program Files (x86)\ArcGIS\Desktop10.0\ArcToolbox\Toolboxes\Data Management Tools.tbx\Append" Date="20140102" Time="225406">Append G:\load\en\GEO\2013\spatial\geo_2013_g_27000_140_00_py_z6-20131230163449.shp E:\code\Spatial\Connections\OPS$GEODATA_D2CS01.sde\GEO2013_TRACT_P2G3_A TEST # #</Process><Process ToolSource="E:\Program Files (x86)\ArcGIS\Desktop10.0\ArcToolbox\Toolboxes\Data Management Tools.tbx\Append" Date="20140102" Time="230435">Append G:\load\en\GEO\2013\spatial\geo_2013_g_72000_140_00_py_z6-20131230163449.shp E:\code\Spatial\Connections\OPS$GEODATA_D2CS01.sde\GEO2013_TRACT_P2G3_A TEST # #</Process><Process ToolSource="E:\Program Files (x86)\ArcGIS\Desktop10.0\ArcToolbox\Toolboxes\Data Management Tools.tbx\Append" Date="20140102" Time="231203">Append G:\load\en\GEO\2013\spatial\geo_2013_g_28000_140_00_py_z6-20131230163449.shp E:\code\Spatial\Connections\OPS$GEODATA_D2CS01.sde\GEO2013_TRACT_P2G3_A TEST # #</Process><Process ToolSource="E:\Program Files (x86)\ArcGIS\Desktop10.0\ArcToolbox\Toolboxes\Data Management Tools.tbx\Append" Date="20140102" Time="232257">Append G:\load\en\GEO\2013\spatial\geo_2013_g_56000_140_00_py_z6-20131230163449.shp E:\code\Spatial\Connections\OPS$GEODATA_D2CS01.sde\GEO2013_TRACT_P2G3_A TEST # #</Process><Process ToolSource="E:\Program Files (x86)\ArcGIS\Desktop10.0\ArcToolbox\Toolboxes\Data Management Tools.tbx\Append" Date="20140102" Time="232719">Append G:\load\en\GEO\2013\spatial\geo_2013_g_09000_140_00_py_z6-20131230163449.shp E:\code\Spatial\Connections\OPS$GEODATA_D2CS01.sde\GEO2013_TRACT_P2G3_A TEST # #</Process><Process ToolSource="E:\Program Files (x86)\ArcGIS\Desktop10.0\ArcToolbox\Toolboxes\Data Management Tools.tbx\Append" Date="20140102" Time="235502">Append G:\load\en\GEO\2013\spatial\geo_2013_g_46000_140_00_py_z6-20131230163449.shp E:\code\Spatial\Connections\OPS$GEODATA_D2CS01.sde\GEO2013_TRACT_P2G3_A TEST # #</Process><Process ToolSource="E:\Program Files (x86)\ArcGIS\Desktop10.0\ArcToolbox\Toolboxes\Data Management Tools.tbx\Append" Date="20140103" Time="000725">Append G:\load\en\GEO\2013\spatial\geo_2013_g_66000_140_00_py_z6-20131230163449.shp E:\code\Spatial\Connections\OPS$GEODATA_D2CS01.sde\GEO2013_TRACT_P2G3_A TEST # #</Process><Process ToolSource="E:\Program Files (x86)\ArcGIS\Desktop10.0\ArcToolbox\Toolboxes\Data Management Tools.tbx\Append" Date="20140103" Time="001150">Append G:\load\en\GEO\2013\spatial\geo_2013_g_55000_140_00_py_z6-20131230163449.shp E:\code\Spatial\Connections\OPS$GEODATA_D2CS01.sde\GEO2013_TRACT_P2G3_A TEST # #</Process><Process ToolSource="E:\Program Files (x86)\ArcGIS\Desktop10.0\ArcToolbox\Toolboxes\Data Management Tools.tbx\Append" Date="20140103" Time="002950">Append G:\load\en\GEO\2013\spatial\geo_2013_g_25000_140_00_py_z6-20131230163449.shp E:\code\Spatial\Connections\OPS$GEODATA_D2CS01.sde\GEO2013_TRACT_P2G3_A TEST # #</Process><Process ToolSource="E:\Program Files (x86)\ArcGIS\Desktop10.0\ArcToolbox\Toolboxes\Data Management Tools.tbx\Append" Date="20140103" Time="003201">Append G:\load\en\GEO\2013\spatial\geo_2013_g_47000_140_00_py_z6-20131230163449.shp E:\code\Spatial\Connections\OPS$GEODATA_D2CS01.sde\GEO2013_TRACT_P2G3_A TEST # #</Process><Process ToolSource="E:\Program Files (x86)\ArcGIS\Desktop10.0\ArcToolbox\Toolboxes\Data Management Tools.tbx\Append" Date="20140103" Time="003911">Append G:\load\en\GEO\2013\spatial\geo_2013_g_34000_140_00_py_z6-20131230163449.shp E:\code\Spatial\Connections\OPS$GEODATA_D2CS01.sde\GEO2013_TRACT_P2G3_A TEST # #</Process><Process ToolSource="E:\Program Files (x86)\ArcGIS\Desktop10.0\ArcToolbox\Toolboxes\Data Management Tools.tbx\Append" Date="20140103" Time="004739">Append G:\load\en\GEO\2013\spatial\geo_2013_g_24000_140_00_py_z6-20131230163449.shp E:\code\Spatial\Connections\OPS$GEODATA_D2CS01.sde\GEO2013_TRACT_P2G3_A TEST # #</Process><Process ToolSource="E:\Program Files (x86)\ArcGIS\Desktop10.0\ArcToolbox\Toolboxes\Data Management Tools.tbx\Append" Date="20140103" Time="010115">Append G:\load\en\GEO\2013\spatial\geo_2013_g_50000_140_00_py_z6-20131230163449.shp E:\code\Spatial\Connections\OPS$GEODATA_D2CS01.sde\GEO2013_TRACT_P2G3_A TEST # #</Process><Process ToolSource="E:\Program Files (x86)\ArcGIS\Desktop10.0\ArcToolbox\Toolboxes\Data Management Tools.tbx\Append" Date="20140103" Time="010627">Append G:\load\en\GEO\2013\spatial\geo_2013_g_35000_140_00_py_z6-20131230163449.shp E:\code\Spatial\Connections\OPS$GEODATA_D2CS01.sde\GEO2013_TRACT_P2G3_A TEST # #</Process><Process ToolSource="E:\Program Files (x86)\ArcGIS\Desktop10.0\ArcToolbox\Toolboxes\Data Management Tools.tbx\Append" Date="20140103" Time="011353">Append G:\load\en\GEO\2013\spatial\geo_2013_g_31000_140_00_py_z6-20131230163449.shp E:\code\Spatial\Connections\OPS$GEODATA_D2CS01.sde\GEO2013_TRACT_P2G3_A TEST # #</Process><Process ToolSource="E:\Program Files (x86)\ArcGIS\Desktop10.0\ArcToolbox\Toolboxes\Data Management Tools.tbx\Append" Date="20140103" Time="013807">Append G:\load\en\GEO\2013\spatial\geo_2013_g_53000_140_00_py_z6-20131230163449.shp E:\code\Spatial\Connections\OPS$GEODATA_D2CS01.sde\GEO2013_TRACT_P2G3_A TEST # #</Process><Process ToolSource="E:\Program Files (x86)\ArcGIS\Desktop10.0\ArcToolbox\Toolboxes\Data Management Tools.tbx\Append" Date="20140103" Time="015645">Append G:\load\en\GEO\2013\spatial\geo_2013_g_45000_140_00_py_z6-20131230163449.shp E:\code\Spatial\Connections\OPS$GEODATA_D2CS01.sde\GEO2013_TRACT_P2G3_A TEST # #</Process><Process ToolSource="E:\Program Files (x86)\ArcGIS\Desktop10.0\ArcToolbox\Toolboxes\Data Management Tools.tbx\Append" Date="20140103" Time="015722">Append G:\load\en\GEO\2013\spatial\geo_2013_g_26000_140_00_py_z6-20131230163449.shp E:\code\Spatial\Connections\OPS$GEODATA_D2CS01.sde\GEO2013_TRACT_P2G3_A TEST # #</Process><Process ToolSource="E:\Program Files (x86)\ArcGIS\Desktop10.0\ArcToolbox\Toolboxes\Data Management Tools.tbx\Append" Date="20140103" Time="015954">Append G:\load\en\GEO\2013\spatial\geo_2013_g_08000_140_00_py_z6-20131230163449.shp E:\code\Spatial\Connections\OPS$GEODATA_D2CS01.sde\GEO2013_TRACT_P2G3_A TEST # #</Process><Process ToolSource="E:\Program Files (x86)\ArcGIS\Desktop10.0\ArcToolbox\Toolboxes\Data Management Tools.tbx\Append" Date="20140103" Time="020025">Append G:\load\en\GEO\2013\spatial\geo_2013_g_33000_140_00_py_z6-20131230163449.shp E:\code\Spatial\Connections\OPS$GEODATA_D2CS01.sde\GEO2013_TRACT_P2G3_A TEST # #</Process><Process ToolSource="E:\Program Files (x86)\ArcGIS\Desktop10.0\ArcToolbox\Toolboxes\Data Management Tools.tbx\Append" Date="20140103" Time="020701">Append G:\load\en\GEO\2013\spatial\geo_2013_g_36000_140_00_py_z6-20131230163449.shp E:\code\Spatial\Connections\OPS$GEODATA_D2CS01.sde\GEO2013_TRACT_P2G3_A TEST # #</Process><Process ToolSource="E:\Program Files (x86)\ArcGIS\Desktop10.0\ArcToolbox\Toolboxes\Data Management Tools.tbx\Append" Date="20140103" Time="023332">Append G:\load\en\GEO\2013\spatial\geo_2013_g_29000_140_00_py_z6-20131230163449.shp E:\code\Spatial\Connections\OPS$GEODATA_D2CS01.sde\GEO2013_TRACT_P2G3_A TEST # #</Process><Process ToolSource="E:\Program Files (x86)\ArcGIS\Desktop10.0\ArcToolbox\Toolboxes\Data Management Tools.tbx\Append" Date="20140103" Time="025038">Append G:\load\en\GEO\2013\spatial\geo_2013_g_41000_140_00_py_z6-20131230163449.shp E:\code\Spatial\Connections\OPS$GEODATA_D2CS01.sde\GEO2013_TRACT_P2G3_A TEST # #</Process><Process ToolSource="E:\Program Files (x86)\ArcGIS\Desktop10.0\ArcToolbox\Toolboxes\Data Management Tools.tbx\Append" Date="20140103" Time="025201">Append G:\load\en\GEO\2013\spatial\geo_2013_g_42000_140_00_py_z6-20131230163449.shp E:\code\Spatial\Connections\OPS$GEODATA_D2CS01.sde\GEO2013_TRACT_P2G3_A TEST # #</Process><Process ToolSource="E:\Program Files (x86)\ArcGIS\Server10.0\ArcToolbox\Toolboxes\Analysis Tools.tbx\Select" Date="20140628" Time="231034">Select E:\ags_connections\ops$geodata@d2es_rac_taf.sde\GEO2013_TRACT_P2G3_A E:\arcgisserver\arcgisjobs\download_shape_gpserver\j84235f0de6074065ab00f9512b9469bd\scratch\EUS0.shp "GEO_ID IN ('1400000US36061010400','1400000US36061022500','1400000US36061012700','1400000US36061000600','1400000US36061002900','1400000US36061007000','1400000US36061019100','1400000US36061009300','1400000US36061013000','1400000US36061025100','1400000US36061015300','1400000US36061003200','1400000US36061029700','1400000US36061019900','1400000US36061005501','1400000US36061007800','1400000US36061005502','1400000US36061031100','1400000US36061011500','1400000US36061023600','1400000US36061025900','1400000US36061013800','1400000US36061021303','1400000US36061031900','1400000US36061008100','1400000US36061002000','1400000US36061016400','1400000US36061028500','1400000US36061004300','1400000US36061006600','1400000US36061018700','1400000US36061008900','1400000US36061020101','1400000US36061022400','1400000US36061010300','1400000US36061020102','1400000US36061000500','1400000US36061012600','1400000US36061024700','1400000US36061014900','1400000US36061002800','1400000US36061030700','1400000US36061020901','1400000US36061019000','1400000US36061009200','1400000US36061003100','1400000US36061027300','1400000US36061015200','1400000US36061017500','1400000US36061005400','1400000US36061007700','1400000US36061019800','1400000US36061021200','1400000US36061001600','1400000US36061013700','1400000US36061023501','1400000US36061011401','1400000US36061011402','1400000US36061023502','1400000US36061003900','1400000US36061008000','1400000US36061026100','1400000US36061014000','1400000US36061004200','1400000US36061016300','1400000US36061006500','1400000US36061018600','1400000US36061008800','1400000US36061020000','1400000US36061010200','1400000US36061022301','1400000US36061012500','1400000US36061026900','1400000US36061022302','1400000US36061002700','1400000US36061014801','1400000US36061014802','1400000US36061020800','1400000US36061009100','1400000US36061015100','1400000US36061003001','1400000US36061029500','1400000US36061007600','1400000US36061017401','1400000US36061003002','1400000US36061017402','1400000US36061009900','1400000US36061019701','1400000US36061019702','1400000US36061021100','1400000US36061011300','1400000US36061023400','1400000US36061025700','1400000US36061013600','1400000US36061015900','1400000US36061001501','1400000US36061003800','1400000US36061001502','1400000US36061021900','1400000US36061031703','1400000US36061031704','1400000US36061004100','1400000US36061028300','1400000US36061016200','1400000US36061018500','1400000US36061006400','1400000US36061008700','1400000US36061010100','1400000US36061022200','1400000US36061012400','1400000US36061024500','1400000US36061014700','1400000US36061004900','1400000US36061002601','1400000US36061002602','1400000US36061010900','1400000US36061020701','1400000US36061009000','1400000US36061027100','1400000US36061005200','1400000US36061015001','1400000US36061017300','1400000US36061019600','1400000US36061015002','1400000US36061007500','1400000US36061009800','1400000US36061021000','1400000US36061023300','1400000US36061013500','1400000US36061011201','1400000US36061003700','1400000US36061027900','1400000US36061011202','1400000US36061001401','1400000US36061015801','1400000US36061011203','1400000US36061001402','1400000US36061015802','1400000US36061021800','1400000US36061016100','1400000US36061004000','1400000US36061006300','1400000US36061018400','1400000US36061008601','1400000US36061008602','1400000US36061008603','1400000US36061010000','1400000US36061022102','1400000US36061002500','1400000US36061000201','1400000US36061026700','1400000US36061004800','1400000US36061014601','1400000US36061000202','1400000US36061016900','1400000US36061014602','1400000US36061020600','1400000US36061022900','1400000US36061010800','1400000US36061017200','1400000US36061029300','1400000US36061007400','1400000US36061019500','1400000US36061009700','1400000US36061023200','1400000US36061011100','1400000US36061025500','1400000US36061013400','1400000US36061001300','1400000US36061015700','1400000US36061005900','1400000US36061003601','1400000US36061003602','1400000US36061011900','1400000US36061021703','1400000US36061028100','1400000US36061016001','1400000US36061006200','1400000US36061018300','1400000US36061016002','1400000US36061022000','1400000US36061000100','1400000US36061012200','1400000US36061014500','1400000US36061024301','1400000US36061002400','1400000US36061024302','1400000US36061004700','1400000US36061016800','1400000US36061030300','1400000US36061020500','1400000US36061022800','1400000US36061000900','1400000US36061017100','1400000US36061005000','1400000US36061007300','1400000US36061019400','1400000US36061009600','1400000US36061011000','1400000US36061023100','1400000US36061001200','1400000US36061013300','1400000US36061027700','1400000US36061005800','1400000US36061017900','1400000US36061015601','1400000US36061015602','1400000US36061021600','1400000US36061011800','1400000US36061023900','1400000US36061018200','1400000US36061006100','1400000US36061008400','1400000US36061024200','1400000US36061012100','1400000US36061026500','1400000US36061016700','1400000US36061014401','1400000US36061006900','1400000US36061014402','1400000US36061022700','1400000US36061010601','1400000US36061012900','1400000US36061000800','1400000US36061010602','1400000US36061029100','1400000US36061017000','1400000US36061019300','1400000US36061007200','1400000US36061009500','1400000US36061023000','1400000US36061025300','1400000US36061013200','1400000US36061003400','1400000US36061015500','1400000US36061017800','1400000US36061029900','1400000US36061005700','1400000US36061021500','1400000US36061011700','1400000US36061023801','1400000US36061023802','1400000US36061006000','1400000US36061018100','1400000US36061008300','1400000US36061012000','1400000US36061024100','1400000US36061014300','1400000US36061004500','1400000US36061002201','1400000US36061028700','1400000US36061016600','1400000US36061002202','1400000US36061018900','1400000US36061006800','1400000US36061020300','1400000US36061022600','1400000US36061000700','1400000US36061012800','1400000US36061024900','1400000US36061030900','1400000US36061007100','1400000US36061019200','1400000US36061009400','1400000US36061013100','1400000US36061001001','1400000US36061003300','1400000US36061027500','1400000US36061015400','1400000US36061005600','1400000US36061017700','1400000US36061001002','1400000US36061007900','1400000US36061021400','1400000US36061011600','1400000US36061023700','1400000US36061001800','1400000US36061013900','1400000US36061018000','1400000US36061008200','1400000US36061024000','1400000US36061014200','1400000US36061026300','1400000US36061002100','1400000US36061004400','1400000US36061016500','1400000US36061018800','1400000US36061006700')"</Process></lineage><itemProps><itemName Sync="TRUE">EUS0</itemName><imsContentType Sync="TRUE">002</imsContentType><itemSize Sync="TRUE">0.000</itemSize><itemLocation><linkage Sync="TRUE">file://\\DADSB203\E\arcgisserver\arcgisjobs\download_shape_gpserver\j84235f0de6074065ab00f9512b9469bd\scratch\EUS0.shp</linkage><protocol Sync="TRUE">Local Area Network</protocol></itemLocation></itemProps><coordRef><type Sync="TRUE">Projected</type><geogcsn Sync="TRUE">GCS_WGS_1984</geogcsn><projcsn Sync="TRUE">WGS_1984_Web_Mercator_Auxiliary_Sphere</projcsn><peXml Sync="TRUE">&lt;ProjectedCoordinateSystem xsi:type='typens:ProjectedCoordinateSystem' xmlns:xsi='http://www.w3.org/2001/XMLSchema-instance' xmlns:xs='http://www.w3.org/2001/XMLSchema' xmlns:typens='http://www.esri.com/schemas/ArcGIS/10.0'&gt;&lt;WKT&gt;PROJCS[&amp;quot;WGS_1984_Web_Mercator_Auxiliary_Sphere&amp;quot;,GEOGCS[&amp;quot;GCS_WGS_1984&amp;quot;,DATUM[&amp;quot;D_WGS_1984&amp;quot;,SPHEROID[&amp;quot;WGS_1984&amp;quot;,6378137.0,298.257223563]],PRIMEM[&amp;quot;Greenwich&amp;quot;,0.0],UNIT[&amp;quot;Degree&amp;quot;,0.0174532925199433]],PROJECTION[&amp;quot;Mercator_Auxiliary_Sphere&amp;quot;],PARAMETER[&amp;quot;False_Easting&amp;quot;,0.0],PARAMETER[&amp;quot;False_Northing&amp;quot;,0.0],PARAMETER[&amp;quot;Central_Meridian&amp;quot;,0.0],PARAMETER[&amp;quot;Standard_Parallel_1&amp;quot;,0.0],PARAMETER[&amp;quot;Auxiliary_Sphere_Type&amp;quot;,0.0],UNIT[&amp;quot;Meter&amp;quot;,1.0],AUTHORITY[&amp;quot;EPSG&amp;quot;,3857]]&lt;/WKT&gt;&lt;XOrigin&gt;-20037700&lt;/XOrigin&gt;&lt;YOrigin&gt;-30241100&lt;/YOrigin&gt;&lt;XYScale&gt;148923141.92838538&lt;/XYScale&gt;&lt;ZOrigin&gt;-100000&lt;/ZOrigin&gt;&lt;ZScale&gt;10000&lt;/ZScale&gt;&lt;MOrigin&gt;-100000&lt;/MOrigin&gt;&lt;MScale&gt;10000&lt;/MScale&gt;&lt;XYTolerance&gt;0.001&lt;/XYTolerance&gt;&lt;ZTolerance&gt;0.001&lt;/ZTolerance&gt;&lt;MTolerance&gt;0.001&lt;/MTolerance&gt;&lt;HighPrecision&gt;true&lt;/HighPrecision&gt;&lt;WKID&gt;3857&lt;/WKID&gt;&lt;/ProjectedCoordinateSystem&gt;</peXml></coordRef></DataProperties><SyncDate>20140628</SyncDate><SyncTime>23103300</SyncTime><ModDate>20140628</ModDate><ModTime>23103300</ModTime></Esri><dataIdInfo><envirDesc Sync="TRUE">Microsoft Windows Server 2003 R2 Version 5.2 (Build 3790) Service Pack 2; ESRI ArcGIS 10.0.0.2414</envirDesc><dataLang><languageCode value="en" country="US"></languageCode></dataLang><idCitation><resTitle Sync="TRUE">EUS0</resTitle><presForm><PresFormCd value="005"></PresFormCd></presForm></idCitation><descKeys><thesaName uuidref="723f6998-058e-11dc-8314-0800200c9a66"></thesaName><keyword Sync="TRUE">002</keyword></descKeys><spatRpType><SpatRepTypCd value="001"></SpatRepTypCd></spatRpType></dataIdInfo><mdLang><languageCode value="en"></languageCode></mdLang><distInfo><distFormat><formatName Sync="TRUE">Shapefile</formatName></distFormat><distTranOps><transSize Sync="TRUE">0.000</transSize></distTranOps></distInfo><mdHrLv><ScopeCd value="005"></ScopeCd></mdHrLv><mdHrLvName Sync="TRUE">dataset</mdHrLvName><refSysInfo><RefSystem><refSysID><identCode code="3857"></identCode><idCodeSpace Sync="TRUE">EPSG</idCodeSpace><idVersion Sync="TRUE">7.4.1</idVersion></refSysID></RefSystem></refSysInfo><spdoinfo><ptvctinf><esriterm Name="EUS0"><efeatyp Sync="TRUE">Simple</efeatyp><efeageom Sync="TRUE">4</efeageom><esritopo Sync="TRUE">FALSE</esritopo><efeacnt Sync="TRUE">0</efeacnt><spindex Sync="TRUE">FALSE</spindex><linrefer Sync="TRUE">FALSE</linrefer></esriterm></ptvctinf></spdoinfo><spatRepInfo><VectSpatRep><topLvl><TopoLevCd value="001"></TopoLevCd></topLvl><geometObjs><geoObjTyp><GeoObjTypCd value="002"></GeoObjTypCd><geoObjCnt Sync="TRUE">0</geoObjCnt></geoObjTyp></geometObjs></VectSpatRep></spatRepInfo><eainfo><detailed Name="EUS0"><enttyp><enttypl Sync="TRUE">EUS0</enttypl><enttypt Sync="TRUE">Feature Class</enttypt><enttypc Sync="TRUE">0</enttypc></enttyp><attr><attrlabl Sync="TRUE">FID</attrlabl><attalias Sync="TRUE">FID</attalias><attrtype Sync="TRUE">OID</attrtype><attwidth Sync="TRUE">4</attwidth><atprecis Sync="TRUE">0</atprecis><attscale Sync="TRUE">0</attscale><attrdef Sync="TRUE">Internal feature number.</attrdef><attrdefs Sync="TRUE">ESRI</attrdefs><attrdomv><udom Sync="TRUE">Sequential unique whole numbers that are automatically generated.</udom></attrdomv></attr><attr><attrlabl Sync="TRUE">Shape</attrlabl><attalias Sync="TRUE">Shape</attalias><attrtype Sync="TRUE">Geometry</attrtype><attwidth Sync="TRUE">0</attwidth><atprecis Sync="TRUE">0</atprecis><attscale Sync="TRUE">0</attscale><attrdef Sync="TRUE">Feature geometry.</attrdef><attrdefs Sync="TRUE">ESRI</attrdefs><attrdomv><udom Sync="TRUE">Coordinates defining the features.</udom></attrdomv></attr><attr><attrlabl Sync="TRUE">GEO_ID</attrlabl><attalias Sync="TRUE">GEO_ID</attalias><attrtype Sync="TRUE">String</attrtype><attwidth Sync="TRUE">60</attwidth><atprecis Sync="TRUE">0</atprecis><attscale Sync="TRUE">0</attscale></attr><attr><attrlabl Sync="TRUE">STATE</attrlabl><attalias Sync="TRUE">STATE</attalias><attrtype Sync="TRUE">String</attrtype><attwidth Sync="TRUE">2</attwidth><atprecis Sync="TRUE">0</atprecis><attscale Sync="TRUE">0</attscale></attr><attr><attrlabl Sync="TRUE">COUNTY</attrlabl><attalias Sync="TRUE">COUNTY</attalias><attrtype Sync="TRUE">String</attrtype><attwidth Sync="TRUE">3</attwidth><atprecis Sync="TRUE">0</atprecis><attscale Sync="TRUE">0</attscale></attr><attr><attrlabl Sync="TRUE">TRACT</attrlabl><attalias Sync="TRUE">TRACT</attalias><attrtype Sync="TRUE">String</attrtype><attwidth Sync="TRUE">6</attwidth><atprecis Sync="TRUE">0</atprecis><attscale Sync="TRUE">0</attscale></attr><attr><attrlabl Sync="TRUE">NAME</attrlabl><attalias Sync="TRUE">NAME</attalias><attrtype Sync="TRUE">String</attrtype><attwidth Sync="TRUE">90</attwidth><atprecis Sync="TRUE">0</atprecis><attscale Sync="TRUE">0</attscale></attr><attr><attrlabl Sync="TRUE">LSAD</attrlabl><attalias Sync="TRUE">LSAD</attalias><attrtype Sync="TRUE">String</attrtype><attwidth Sync="TRUE">7</attwidth><atprecis Sync="TRUE">0</atprecis><attscale Sync="TRUE">0</attscale></attr><attr><attrlabl Sync="TRUE">SHAPE_AREA</attrlabl><attalias Sync="TRUE">SHAPE_AREA</attalias><attrtype Sync="TRUE">Double</attrtype><attwidth Sync="TRUE">19</attwidth><atprecis Sync="TRUE">0</atprecis><attscale Sync="TRUE">0</attscale><attrdef Sync="TRUE">Area of feature in internal units squared.</attrdef><attrdefs Sync="TRUE">ESRI</attrdefs><attrdomv><udom Sync="TRUE">Positive real numbers that are automatically generated.</udom></attrdomv></attr><attr><attrlabl Sync="TRUE">SHAPE_LEN</attrlabl><attalias Sync="TRUE">SHAPE_LEN</attalias><attrtype Sync="TRUE">Double</attrtype><attwidth Sync="TRUE">19</attwidth><atprecis Sync="TRUE">0</atprecis><attscale Sync="TRUE">0</attscale></attr></detailed></eainfo><mdDateSt Sync="TRUE">20140628</mdDateSt></metadata>
